step,t,solve_ms,mx,my,myaw_deg,v,min_dist,ref_x,ref_y,steer_rad,accel_cmd,throttle,brake,z,vz,obs_clear
0.000000,0.000000,101.098600,0.000000,0.000000,0.000000,2.500000,0.000000,0.000000,0.000000,-0.001824,-0.006627,0.000000,0.000000,0.000000,0.000000,7.338835
1.000000,0.050000,2.299000,0.125000,0.000000,-0.008711,2.499669,0.025000,0.100000,0.000000,0.000367,0.008035,0.000000,0.000000,0.000000,0.000000,7.215015
2.000000,0.100000,2.675000,0.249983,-0.000019,-0.006961,2.500070,0.049983,0.200000,0.000000,0.001754,-0.021591,0.000000,0.000000,0.000000,0.000000,7.091365
3.000000,0.150000,1.995900,0.374987,-0.000034,0.001416,2.498991,0.025013,0.400000,0.000000,-0.000187,-0.025656,0.000000,0.000000,0.000000,0.000000,6.967803
4.000000,0.200000,3.201800,0.499936,-0.000031,0.000525,2.497708,0.000071,0.500000,0.000000,0.000567,-0.016309,0.000000,0.000000,0.000000,0.000000,6.844233
5.000000,0.250000,2.138700,0.624822,-0.000030,0.003232,2.496893,0.024822,0.600000,0.000000,0.001677,0.002747,0.000000,0.000000,0.000000,0.000000,6.720806
6.000000,0.300000,2.412900,0.749667,-0.000023,0.011230,2.497030,0.049667,0.700000,0.000000,0.007301,-0.028010,0.000000,0.000000,0.000000,0.000000,6.597516
7.000000,0.350000,1.965100,0.874518,0.000002,0.046050,2.495629,0.025482,0.900000,0.000000,-0.000840,-0.017324,0.000000,0.000000,0.000000,0.000000,6.474537
8.000000,0.400000,3.119700,0.999299,0.000102,0.042046,2.494763,0.000708,1.000000,0.000000,-0.005373,-0.004285,0.000000,0.000000,0.000000,0.000000,6.351261
9.000000,0.450000,2.558500,1.124038,0.000193,0.016445,2.494549,0.024038,1.100000,0.000000,-0.005356,-0.037880,0.000000,0.000000,0.000000,0.000000,6.227863
10.000000,0.500000,2.261500,1.248765,0.000229,-0.009074,2.492655,0.048766,1.200000,0.000000,-0.007579,-0.033474,0.000000,0.000000,0.000000,0.000000,6.104544
11.000000,0.550000,2.165400,1.373398,0.000209,-0.045157,2.490981,0.026603,1.400000,0.000000,-0.004005,-0.029962,0.000000,0.000000,0.000000,0.000000,5.981286
12.000000,0.600000,2.130600,1.497947,0.000111,-0.064210,2.489483,0.002056,1.500000,0.000000,-0.005646,-0.050523,0.000000,0.000000,0.000000,0.000000,5.858355
13.000000,0.650000,2.368000,1.622421,-0.000028,-0.091053,2.486957,0.022421,1.600000,0.000000,-0.007052,-0.017006,0.000000,0.000000,0.000000,0.000000,5.735498
14.000000,0.700000,2.002000,1.746769,-0.000226,-0.124549,2.486107,0.046769,1.700000,0.000000,-0.002330,0.001621,0.000000,0.000000,0.000000,0.000000,5.612786
15.000000,0.750000,1.966400,1.871074,-0.000496,-0.135610,2.486188,0.028931,1.900000,0.000000,-0.009399,-0.002576,0.000000,0.000000,0.000000,0.000000,5.490413
16.000000,0.800000,2.256500,1.995383,-0.000790,-0.180242,2.486059,0.004685,2.000000,0.000000,-0.011360,0.015867,0.000000,0.000000,0.000000,0.000000,5.367815
17.000000,0.850000,2.002400,2.119685,-0.001181,-0.234183,2.486852,0.019720,2.100000,0.000000,-0.008504,-0.003123,0.000000,0.000000,0.000000,0.000000,5.245252
18.000000,0.900000,2.453000,2.244027,-0.001690,-0.274574,2.486696,0.044059,2.200000,0.000000,-0.006900,-0.020644,0.000000,0.000000,0.000000,0.000000,5.122890
19.000000,0.950000,2.287600,2.368360,-0.002285,-0.307343,2.485664,0.031723,2.400000,0.000000,-0.000895,0.014646,0.000000,0.000000,0.000000,0.000000,5.000720
20.000000,1.000000,2.337700,2.492641,-0.002952,-0.311591,2.486396,0.007929,2.500000,0.000000,0.002200,0.031208,0.000000,0.000000,0.000000,0.000000,4.878955
21.000000,1.050000,2.089400,2.616959,-0.003628,-0.301146,2.487957,0.017343,2.600000,0.000000,0.010218,0.015435,0.000000,0.000000,0.000000,0.000000,4.757376
22.000000,1.100000,2.791000,2.741355,-0.004282,-0.252592,2.488728,0.041576,2.700000,0.000000,0.011272,0.036449,0.000000,0.000000,0.000000,0.000000,4.636122
23.000000,1.150000,2.184000,2.865791,-0.004831,-0.199011,2.490551,0.034549,2.900000,0.000000,0.015130,0.059517,0.000000,0.000000,0.000000,0.000000,4.514944
24.000000,1.200000,2.316400,2.990317,-0.005263,-0.127038,2.493527,0.011021,3.000000,0.000000,0.015098,0.070294,0.000000,0.000000,0.000000,0.000000,4.393894
25.000000,1.250000,2.049000,3.114993,-0.005539,-0.055131,2.497041,0.015984,3.100000,0.000000,0.016544,0.057660,0.000000,0.000000,0.000000,0.000000,4.272766
26.000000,1.300000,2.458100,3.239845,-0.005660,0.023775,2.499924,0.040245,3.200000,0.000000,0.008030,0.080252,0.000000,0.000000,0.000000,0.000000,4.151592
27.000000,1.350000,2.251400,3.364842,-0.005608,0.062115,2.503937,0.035603,3.400000,0.000000,0.006348,0.037488,0.000000,0.000000,0.000000,0.000000,4.030052
28.000000,1.400000,2.303300,3.490038,-0.005472,0.092471,2.505811,0.011366,3.500000,0.000000,0.000585,0.052552,0.000000,0.000000,0.000000,0.000000,3.908370
29.000000,1.450000,2.097100,3.615329,-0.005270,0.095270,2.508439,0.016209,3.600000,0.000000,0.006122,0.012832,0.000000,0.000000,0.000000,0.000000,3.786533
30.000000,1.500000,3.072700,3.740751,-0.005061,0.124598,2.509081,0.041064,3.700000,0.000000,0.007106,-0.003241,0.000000,0.000000,0.000000,0.000000,3.664907
31.000000,1.550000,2.225300,3.866204,-0.004788,0.158649,2.508918,0.034133,3.900000,0.000000,0.010352,-0.017231,0.000000,0.000000,0.000000,0.000000,3.543427
32.000000,1.600000,2.157000,3.991650,-0.004441,0.208255,2.508057,0.009458,4.000000,0.000000,0.004862,0.001252,0.000000,0.000000,0.000000,0.000000,3.422205
33.000000,1.650000,1.992600,4.117052,-0.003985,0.231545,2.508120,0.017511,4.100000,0.000000,-0.003941,-0.045727,0.000000,0.000000,0.000000,0.000000,3.301015
34.000000,1.700000,2.863600,4.242457,-0.003479,0.212669,2.505833,0.042599,4.200000,0.000000,-0.002082,-0.069454,0.000000,0.000000,0.000000,0.000000,3.179770
35.000000,1.750000,2.228600,4.367747,-0.003013,0.202703,2.502360,0.032393,4.400000,0.000000,-0.000236,-0.063051,0.000000,0.000000,0.000000,0.000000,3.058936
36.000000,1.800000,2.276000,4.492865,-0.002571,0.201576,2.499208,0.007584,4.500000,0.000000,0.005526,-0.039655,0.000000,0.000000,0.000000,0.000000,2.938577
37.000000,1.850000,2.167900,4.617824,-0.002131,0.227950,2.497225,0.017951,4.600000,0.000000,0.005500,-0.055824,0.000000,0.000000,0.000000,0.000000,2.818771
38.000000,1.900000,2.103500,4.742685,-0.001634,0.254181,2.494434,0.042716,4.700000,0.000000,0.001785,-0.013392,0.000000,0.000000,0.000000,0.000000,2.699318
39.000000,1.950000,2.084000,4.867405,-0.001081,0.262686,2.493764,0.032613,4.900000,0.000000,-0.001296,-0.066355,0.000000,0.000000,0.000000,0.000000,2.580207
40.000000,2.000000,2.723300,4.992092,-0.000509,0.256514,2.490447,0.007924,5.000000,0.000000,-0.002885,-0.080830,0.000000,0.000000,0.000000,0.000000,2.461405
41.000000,2.050000,2.259500,5.116613,0.000048,0.242792,2.486405,0.016613,5.100000,0.000000,-0.011202,-0.064068,0.000000,0.000000,0.000000,0.000000,2.343120
42.000000,2.100000,2.121300,5.240932,0.000575,0.189595,2.483202,0.040936,5.200000,0.000000,-0.024969,-0.152813,0.000000,0.000000,0.000000,0.000000,2.225351
43.000000,2.150000,2.096400,5.365092,0.000986,0.071152,2.475561,0.034922,5.400000,0.000000,-0.045057,-0.292990,0.000000,0.000000,0.000000,0.000000,2.108140
44.000000,2.200000,2.796900,5.488870,0.001139,-0.142020,2.460912,0.011189,5.500000,0.000000,-0.064251,-0.367396,0.000000,0.000000,0.000000,0.000000,1.991888
45.000000,2.250000,2.207700,5.611915,0.000834,-0.444414,2.442542,0.011944,5.600000,0.000000,-0.086334,-0.370295,0.000000,0.000000,0.000000,0.000000,1.877307
46.000000,2.300000,2.293300,5.734038,-0.000113,-0.848159,2.424027,0.034038,5.700000,0.000000,-0.087244,-0.364752,0.000000,0.000000,0.000000,0.000000,1.765013
47.000000,2.350000,2.059900,5.855226,-0.001907,-1.253088,2.405789,0.044814,5.900000,0.000000,-0.096891,-0.313965,0.000000,0.000000,0.000000,0.000000,1.655383
48.000000,2.400000,2.561300,5.975487,-0.004538,-1.699671,2.390091,0.024929,6.000000,0.000000,-0.101748,-0.289141,0.000000,0.000000,0.000000,0.000000,1.548715
49.000000,2.450000,2.262400,6.094939,-0.008082,-2.165735,2.375634,0.009536,6.100000,0.000000,-0.102125,-0.258301,0.000000,0.000000,0.000000,0.000000,1.445198
50.000000,2.500000,2.591200,6.213636,-0.012571,-2.630706,2.362719,0.018546,6.200000,0.000000,-0.101327,-0.172284,0.000000,0.000000,0.000000,0.000000,1.344986
51.000000,2.550000,2.210300,6.331647,-0.017993,-3.089510,2.354105,0.036405,6.300000,0.000000,-0.097142,-0.164176,0.000000,0.000000,0.000000,0.000000,1.248232
52.000000,2.600000,2.130600,6.449181,-0.024337,-3.527639,2.345896,0.054874,6.400000,0.000000,-0.098030,-0.141337,0.000000,0.000000,0.000000,0.000000,1.154877
53.000000,2.650000,2.116900,6.566254,-0.031554,-3.968260,2.338829,0.046200,6.600000,0.000000,-0.090811,-0.126627,0.000000,0.000000,0.000000,0.000000,1.065363
54.000000,2.700000,2.873300,6.682915,-0.039647,-4.375018,2.332498,0.043171,6.700000,0.000000,-0.077735,-0.073668,0.000000,0.000000,0.000000,0.000000,0.979545
55.000000,2.750000,2.210900,6.799200,-0.048544,-4.722006,2.328815,0.048550,6.800000,0.000000,-0.075880,-0.019270,0.000000,0.000000,0.000000,0.000000,0.897168
56.000000,2.800000,2.576600,6.915246,-0.058129,-5.060148,2.327851,0.060095,6.900000,0.000000,-0.067402,-0.027202,0.000000,0.000000,0.000000,0.000000,0.818969
57.000000,2.850000,2.047000,7.031185,-0.068395,-5.360264,2.326491,0.075169,7.000000,0.000000,-0.065507,-0.033540,0.000000,0.000000,0.000000,0.000000,0.744680
58.000000,2.900000,2.372700,7.147000,-0.079262,-5.651745,2.324814,0.092149,7.100000,0.000000,-0.049562,0.005263,0.000000,0.000000,0.000000,0.000000,0.675091
59.000000,2.950000,2.202900,7.262676,-0.090709,-5.871985,2.325077,0.098088,7.300000,0.000000,-0.037021,0.048726,0.000000,0.000000,0.000000,0.000000,0.609227
60.000000,3.000000,2.152200,7.378320,-0.102603,-6.036455,2.327513,0.104868,7.400000,0.000000,-0.026284,0.045062,0.000000,0.000000,0.000000,0.000000,0.547360
61.000000,3.050000,1.974900,7.494050,-0.114841,-6.153322,2.329766,0.114995,7.500000,0.000000,-0.015334,0.016588,0.000000,0.000000,0.000000,0.000000,0.489720
62.000000,3.100000,2.901500,7.609868,-0.127327,-6.221556,2.330596,0.127709,7.600000,0.000000,-0.003796,0.035738,0.000000,0.000000,0.000000,0.000000,0.436430
63.000000,3.150000,2.179800,7.725711,-0.139956,-6.238454,2.332383,0.142298,7.700000,0.000000,-0.002215,0.057563,0.000000,0.000000,0.000000,0.000000,0.387573
64.000000,3.200000,2.234400,7.841640,-0.152629,-6.248323,2.335261,0.158207,7.800000,0.000000,0.009512,0.125679,0.000000,0.000000,0.000000,0.000000,0.344612
65.000000,3.250000,2.192900,7.957709,-0.165337,-6.205897,2.341545,0.170660,8.000000,0.000000,0.016174,0.088298,0.000000,0.000000,0.000000,0.000000,0.306443
66.000000,3.300000,2.126700,8.074100,-0.177993,-6.133560,2.345960,0.179868,8.100000,0.000000,0.025333,0.133364,0.000000,0.000000,0.000000,0.000000,0.273872
67.000000,3.350000,1.985900,8.190727,-0.190526,-6.020034,2.352628,0.190752,8.200000,0.000000,0.036687,0.091196,0.000000,0.000000,0.000000,0.000000,0.246731
68.000000,3.400000,2.905700,8.307709,-0.202863,-5.855117,2.357188,0.203009,8.300000,0.000000,0.048860,0.075297,0.000000,0.000000,0.000000,0.000000,0.224726
69.000000,3.450000,2.265800,8.424954,-0.214886,-5.634980,2.360953,0.216330,8.400000,0.000000,0.050787,0.069764,0.000000,0.000000,0.000000,0.000000,0.207731
70.000000,3.500000,2.132400,8.542431,-0.226477,-5.405780,2.364441,0.230418,8.500000,0.000000,0.052584,0.100042,0.000000,0.000000,0.000000,0.000000,0.197511
71.000000,3.550000,2.093600,8.660127,-0.237615,-5.168107,2.369443,0.240937,8.700000,0.000000,0.057923,0.095482,0.000000,0.000000,0.000000,0.000000,0.194206
72.000000,3.600000,2.961600,8.778118,-0.248287,-4.905694,2.374217,0.249249,8.800000,0.000000,0.058069,0.058732,0.000000,0.000000,0.000000,0.000000,0.197192
73.000000,3.650000,2.266700,8.896394,-0.258438,-4.642089,2.377154,0.258463,8.900000,0.000000,0.059649,0.070568,0.000000,0.000000,0.000000,0.000000,0.207355
74.000000,3.700000,2.142500,9.014862,-0.268058,-4.370957,2.380682,0.268469,9.000000,0.000000,0.059077,0.119164,0.000000,0.000000,0.000000,0.000000,0.224314
75.000000,3.750000,2.065000,9.133549,-0.277130,-4.102036,2.386640,0.279153,9.100000,0.000000,0.063712,0.104397,0.000000,0.000000,0.000000,0.000000,0.248290
76.000000,3.800000,2.872300,9.252576,-0.285666,-3.811233,2.391860,0.289575,9.300000,0.000000,0.059183,0.101765,0.000000,0.000000,0.000000,0.000000,0.278059
77.000000,3.850000,1.992400,9.371904,-0.293615,-3.540561,2.396948,0.294956,9.400000,0.000000,0.063709,0.099618,0.000000,0.000000,0.000000,0.000000,0.315070
78.000000,3.900000,2.483300,9.491523,-0.301016,-3.248516,2.401929,0.301136,9.500000,0.000000,0.062930,0.092512,0.000000,0.000000,0.000000,0.000000,0.357256
79.000000,3.950000,2.028700,9.611426,-0.307822,-2.959450,2.406555,0.308034,9.600000,0.000000,0.068257,0.076070,0.000000,0.000000,0.000000,0.000000,0.405252
80.000000,4.000000,2.937600,9.731594,-0.314034,-2.645242,2.410358,0.315619,9.700000,0.000000,0.068902,0.085271,0.000000,0.000000,0.000000,0.000000,0.457498
81.000000,4.050000,2.338000,9.851983,-0.319596,-2.327553,2.414622,0.323183,9.900000,0.000000,0.074543,0.066624,0.000000,0.000000,0.000000,0.000000,0.422743
82.000000,4.100000,2.359500,9.972615,-0.324499,-1.983153,2.417953,0.325653,10.000000,0.000000,0.067549,0.092954,0.000000,0.000000,0.000000,0.000000,0.362764
83.000000,4.150000,2.127800,10.093440,-0.328683,-1.670741,2.422601,0.328749,10.100000,0.000000,0.069252,0.046507,0.000000,0.000000,0.000000,0.000000,0.307184
84.000000,4.200000,2.377100,10.214519,-0.332215,-1.349809,2.424926,0.332532,10.200000,0.000000,0.073865,0.042763,0.000000,0.000000,0.000000,0.000000,0.256862
85.000000,4.250000,2.192700,10.335731,-0.335071,-1.007098,2.427064,0.336971,10.300000,0.000000,0.079600,-0.045262,0.000000,0.000000,0.000000,0.000000,0.212385
86.000000,4.300000,2.683500,10.457066,-0.337204,-0.637344,2.424801,0.339926,10.500000,0.000000,0.085172,-0.078978,0.000000,0.000000,0.000000,0.000000,0.174162
87.000000,4.350000,2.379600,10.578298,-0.338552,-0.241952,2.420852,0.339247,10.600000,0.000000,0.086526,-0.154904,0.000000,0.000000,0.000000,0.000000,0.142556
88.000000,4.400000,2.115600,10.699340,-0.339064,0.159103,2.413107,0.339064,10.700000,0.000000,0.090331,-0.217941,0.000000,0.000000,0.000000,0.000000,0.117753
89.000000,4.450000,1.948500,10.819995,-0.338729,0.576546,2.402210,0.339318,10.800000,0.000000,0.108686,-0.290587,0.000000,0.000000,0.000000,0.000000,0.100046
90.000000,4.500000,2.684200,10.940099,-0.337520,1.077157,2.387681,0.339894,10.900000,0.000000,0.129389,-0.353675,0.000000,0.000000,0.000000,0.000000,0.089591
91.000000,4.550000,2.340200,11.059462,-0.335276,1.670502,2.369997,0.337718,11.100000,0.000000,0.147640,-0.350734,0.000000,0.000000,0.000000,0.000000,0.085998
92.000000,4.600000,2.283600,11.177911,-0.331821,2.343672,2.352460,0.332556,11.200000,0.000000,0.159960,-0.350628,0.000000,0.000000,0.000000,0.000000,0.088714
93.000000,4.650000,1.958000,11.295436,-0.327011,3.068542,2.334929,0.327043,11.300000,0.000000,0.168448,-0.299685,0.000000,0.000000,0.000000,0.000000,0.097211
94.000000,4.700000,2.739500,11.412015,-0.320762,3.826903,2.319945,0.320987,11.400000,0.000000,0.172350,-0.246860,0.000000,0.000000,0.000000,0.000000,0.111049
95.000000,4.750000,2.298500,11.527754,-0.313020,4.598197,2.307602,0.314248,11.500000,0.000000,0.158721,-0.201118,0.000000,0.000000,0.000000,0.000000,0.129888
96.000000,4.800000,2.287000,11.642762,-0.303770,5.303648,2.297546,0.306765,11.600000,0.000000,0.145527,-0.147063,0.000000,0.000000,0.000000,0.000000,0.153731
97.000000,4.850000,1.957600,11.757148,-0.293151,5.946767,2.290193,0.296267,11.800000,0.000000,0.142075,-0.091458,0.000000,0.000000,0.000000,0.000000,0.182569
98.000000,4.900000,2.616100,11.871041,-0.281288,6.572408,2.285620,0.282775,11.900000,0.000000,0.130975,-0.077238,0.000000,0.000000,0.000000,0.000000,0.216133
99.000000,4.950000,2.300400,11.984571,-0.268207,7.147432,2.281758,0.268651,12.000000,0.000000,0.130610,-0.054253,0.000000,0.000000,0.000000,0.000000,0.254429
100.000000,5.000000,2.545000,12.097773,-0.254012,7.719868,2.279045,0.254022,12.100000,0.000000,0.115716,-0.026863,0.000000,0.000000,0.000000,0.000000,0.297007
101.000000,5.050000,2.143700,12.210692,-0.238705,8.225801,2.277702,0.238944,12.200000,0.000000,0.104089,0.034258,0.000000,0.000000,0.000000,0.000000,0.344064
102.000000,5.100000,2.328800,12.323406,-0.222411,8.680238,2.279415,0.223639,12.300000,0.000000,0.088363,0.076997,0.000000,0.000000,0.000000,0.000000,0.395424
103.000000,5.150000,1.986500,12.436071,-0.205210,9.065917,2.283265,0.208357,12.400000,0.000000,0.072883,0.075202,0.000000,0.000000,0.000000,0.000000,0.451176
104.000000,5.200000,2.562600,12.548808,-0.187222,9.384304,2.287025,0.193479,12.500000,0.000000,0.055867,0.091614,0.000000,0.000000,0.000000,0.000000,0.495758
105.000000,5.250000,2.328200,12.661629,-0.168576,9.628579,2.291606,0.172888,12.700000,0.000000,0.044084,0.112496,0.000000,0.000000,0.000000,0.000000,0.444730
106.000000,5.300000,2.051100,12.774595,-0.149411,9.821645,2.297230,0.151556,12.800000,0.000000,0.033986,0.123321,0.000000,0.000000,0.000000,0.000000,0.396081
107.000000,5.350000,1.943300,12.887773,-0.129818,9.970811,2.303396,0.130393,12.900000,0.000000,0.025560,0.112912,0.000000,0.000000,0.000000,0.000000,0.350550
108.000000,5.400000,2.992200,13.001203,-0.109877,10.083277,2.309042,0.109883,13.000000,0.000000,0.013202,0.149987,0.000000,0.000000,0.000000,0.000000,0.308922
109.000000,5.450000,2.044800,13.114872,-0.089664,10.141499,2.316541,0.090889,13.100000,0.000000,0.001491,0.108911,0.000000,0.000000,0.000000,0.000000,0.270967
110.000000,5.500000,2.273200,13.228890,-0.069269,10.148096,2.321987,0.075052,13.200000,0.000000,-0.008074,0.106873,0.000000,0.000000,0.000000,0.000000,0.237341
111.000000,5.550000,1.918300,13.343173,-0.048813,10.112289,2.327331,0.065166,13.300000,0.000000,-0.018667,0.066561,0.000000,0.000000,0.000000,0.000000,0.209058
112.000000,5.600000,3.056000,13.457731,-0.028381,10.029305,2.330659,0.050913,13.500000,0.000000,-0.028590,0.061193,0.000000,0.000000,0.000000,0.000000,0.186484
113.000000,5.650000,1.950900,13.572484,-0.008087,9.902008,2.333718,0.028680,13.600000,0.000000,-0.033366,0.052581,0.000000,0.000000,0.000000,0.000000,0.170303
114.000000,5.700000,2.360900,13.687431,0.011979,9.753236,2.336347,0.017363,13.700000,0.000000,-0.043612,0.135564,0.000000,0.000000,0.000000,0.000000,0.161896
115.000000,5.750000,2.178900,13.802560,0.031768,9.558513,2.343126,0.031871,13.800000,0.000000,-0.046698,0.172328,0.000000,0.000000,0.000000,0.000000,0.160627
116.000000,5.800000,2.236000,13.918090,0.051223,9.349386,2.351742,0.054323,13.900000,0.000000,-0.053544,0.250875,0.000000,0.000000,0.000000,0.000000,0.168001
117.000000,5.850000,1.908200,14.034115,0.070325,9.108664,2.364286,0.078163,14.000000,0.000000,-0.056981,0.212856,0.000000,0.000000,0.000000,0.000000,0.183508
118.000000,5.900000,1.931400,14.150839,0.089039,8.851089,2.374928,0.101710,14.200000,0.000000,-0.063959,0.122624,0.000000,0.000000,0.000000,0.000000,0.196673
119.000000,5.950000,2.071600,14.268171,0.107310,8.560590,2.381060,0.111931,14.300000,0.000000,-0.062100,0.147843,0.000000,0.000000,0.000000,0.000000,0.208123
120.000000,6.000000,2.316000,14.385898,0.125032,8.277826,2.388452,0.125825,14.400000,0.000000,-0.059199,0.185696,0.000000,0.000000,0.000000,0.000000,0.226948
121.000000,6.050000,2.263400,14.504076,0.142226,8.007470,2.397737,0.142284,14.500000,0.000000,-0.070691,0.140541,0.000000,0.000000,0.000000,0.000000,0.253222
122.000000,6.100000,2.300100,14.622794,0.158926,7.683214,2.404764,0.160553,14.600000,0.000000,-0.068579,0.135681,0.000000,0.000000,0.000000,0.000000,0.283949
123.000000,6.150000,2.119400,14.741953,0.175002,7.367754,2.411548,0.179960,14.700000,0.000000,-0.065714,0.140560,0.000000,0.000000,0.000000,0.000000,0.321376
124.000000,6.200000,1.971400,14.861534,0.190464,7.064659,2.418576,0.194310,14.900000,0.000000,-0.060986,0.147801,0.000000,0.000000,0.000000,0.000000,0.365342
125.000000,6.250000,2.866500,14.981545,0.205337,6.782606,2.425966,0.206165,15.000000,0.000000,-0.050471,0.103246,0.000000,0.000000,0.000000,0.000000,0.415876
126.000000,6.300000,1.972700,15.101995,0.219663,6.548561,2.431128,0.225666,15.157077,0.000822,-0.050194,0.120122,0.000000,0.000000,0.000000,0.000000,0.459948
127.000000,6.350000,2.524800,15.222758,0.233526,6.315310,2.437134,0.241795,15.157077,0.000822,-0.052481,0.139533,0.000000,0.000000,0.000000,0.000000,0.395603
128.000000,6.400000,1.988100,15.343875,0.246930,6.070808,2.444111,0.245448,15.314136,0.003290,-0.052785,0.135968,0.000000,0.000000,0.000000,0.000000,0.336079
129.000000,6.450000,2.134500,15.465395,0.259854,5.824183,2.450909,0.252518,15.471161,0.007402,-0.044036,0.144504,0.000000,0.000000,0.000000,0.000000,0.281773
130.000000,6.500000,2.182300,15.587308,0.272289,5.617920,2.458134,0.262328,15.628135,0.013158,-0.048408,0.080919,0.000000,0.000000,0.000000,0.000000,0.232967
131.000000,6.550000,2.536200,15.709625,0.284321,5.390484,2.462180,0.274334,15.785039,0.020557,-0.036856,0.022843,0.000000,0.000000,0.000000,0.000000,0.190750
132.000000,6.600000,2.088000,15.832189,0.295887,5.217093,2.463322,0.279338,15.785039,0.020557,-0.028600,-0.019955,0.000000,0.000000,0.000000,0.000000,0.155297
133.000000,6.650000,2.401600,15.954845,0.307086,5.082503,2.462325,0.277791,15.941858,0.029599,-0.020857,0.021946,0.000000,0.000000,0.000000,0.000000,0.127476
134.000000,6.700000,1.972800,16.077477,0.317993,4.984404,2.463422,0.278510,16.098573,0.040283,-0.025404,-0.023476,0.000000,0.000000,0.000000,0.000000,0.107939
135.000000,6.750000,2.832100,16.200182,0.328695,4.864860,2.462248,0.281510,16.255168,0.052607,-0.020098,-0.033310,0.000000,0.000000,0.000000,0.000000,0.097237
136.000000,6.800000,2.024800,16.322851,0.339135,4.770334,2.460583,0.286657,16.411625,0.066571,-0.015593,0.042611,0.000000,0.000000,0.000000,0.000000,0.095448
137.000000,6.850000,2.704900,16.445454,0.349367,4.697052,2.462713,0.284812,16.411625,0.066571,-0.007518,-0.026792,0.000000,0.000000,0.000000,0.000000,0.102726
138.000000,6.900000,1.971900,16.568176,0.359450,4.661689,2.461374,0.277278,16.567927,0.082172,-0.015616,-0.081028,0.000000,0.000000,0.000000,0.000000,0.119133
139.000000,6.950000,2.362500,16.690838,0.369452,4.588276,2.457322,0.272079,16.724057,0.099409,-0.006310,-0.120021,0.000000,0.000000,0.000000,0.000000,0.144291
140.000000,7.000000,2.070300,16.813310,0.379281,4.558660,2.451321,0.269386,16.879998,0.118279,-0.004728,-0.125095,0.000000,0.000000,0.000000,0.000000,0.177956
141.000000,7.050000,3.048700,16.935489,0.389022,4.536523,2.445067,0.269572,17.035734,0.138782,-0.010715,-0.131998,0.000000,0.000000,0.000000,0.000000,0.219564
142.000000,7.100000,2.223100,17.057359,0.398692,4.486485,2.438467,0.260807,17.035734,0.138782,-0.012303,-0.114757,0.000000,0.000000,0.000000,0.000000,0.268276
143.000000,7.150000,2.277200,17.178909,0.408229,4.429188,2.432729,0.247621,17.191245,0.160915,-0.020175,-0.119282,0.000000,0.000000,0.000000,0.000000,0.323474
144.000000,7.200000,2.114600,17.300182,0.417623,4.335437,2.426765,0.237511,17.346517,0.184675,-0.024282,-0.119350,0.000000,0.000000,0.000000,0.000000,0.384255
145.000000,7.250000,2.513700,17.421173,0.426795,4.222872,2.420797,0.231153,17.501531,0.210059,-0.029313,-0.102706,0.000000,0.000000,0.000000,0.000000,0.450034
146.000000,7.300000,2.053600,17.541884,0.435708,4.087307,2.415662,0.229223,17.656271,0.237066,-0.040775,-0.110341,0.000000,0.000000,0.000000,0.000000,0.403031
147.000000,7.350000,2.092700,17.662360,0.444317,3.899086,2.410145,0.207341,17.656271,0.237066,-0.040784,-0.162641,0.000000,0.000000,0.000000,0.000000,0.348899
148.000000,7.400000,1.939500,17.782588,0.452511,3.711254,2.402013,0.188926,17.810720,0.265691,-0.043874,-0.152695,0.000000,0.000000,0.000000,0.000000,0.300618
149.000000,7.450000,2.992200,17.902437,0.460285,3.509854,2.394378,0.175808,17.964860,0.295932,-0.036673,-0.109352,0.000000,0.000000,0.000000,0.000000,0.259262
150.000000,7.500000,2.000800,18.021932,0.467615,3.342075,2.388910,0.170034,18.118675,0.327786,-0.025581,-0.117462,0.000000,0.000000,0.000000,0.000000,0.223169
151.000000,7.550000,2.821000,18.141174,0.474578,3.225338,2.383037,0.148506,18.118675,0.327786,-0.009700,-0.110693,0.000000,0.000000,0.000000,0.000000,0.192001
152.000000,7.600000,2.282600,18.260137,0.481282,3.181189,2.377503,0.120633,18.272149,0.361249,0.009875,-0.068298,0.000000,0.000000,0.000000,0.000000,0.165344
153.000000,7.650000,2.103400,18.378829,0.487879,3.226028,2.374088,0.102663,18.425263,0.396316,0.030547,-0.115523,0.000000,0.000000,0.000000,0.000000,0.143076
154.000000,7.700000,1.932800,18.497345,0.494559,3.364575,2.368312,0.101473,18.578002,0.432986,0.049325,-0.068073,0.000000,0.000000,0.000000,0.000000,0.125646
155.000000,7.750000,2.906500,18.615557,0.501508,3.587859,2.364908,0.078139,18.578002,0.432986,0.063704,-0.064663,0.000000,0.000000,0.000000,0.000000,0.114112
156.000000,7.800000,1.962400,18.733570,0.508908,3.875977,2.361675,0.037793,18.730348,0.471253,0.090460,-0.084172,0.000000,0.000000,0.000000,0.000000,0.109858
157.000000,7.850000,2.232800,18.851384,0.516890,4.285108,2.357466,0.031437,18.882286,0.511113,0.109160,-0.048362,0.000000,0.000000,0.000000,0.000000,0.111362
158.000000,7.900000,2.144900,18.968928,0.525698,4.778556,2.355048,0.070212,19.033797,0.552561,0.130030,-0.046405,0.000000,0.000000,0.000000,0.000000,0.120692
159.000000,7.950000,3.097400,19.086271,0.535507,5.366727,2.352728,0.055176,19.033797,0.552561,0.155885,0.014567,0.000000,0.000000,0.000000,0.000000,0.138041
160.000000,8.000000,2.093400,19.203392,0.546510,6.072907,2.353456,0.052465,19.184867,0.595595,0.158045,0.004086,0.000000,0.000000,0.000000,0.000000,0.163260
161.000000,8.050000,2.615600,19.320404,0.558959,6.789259,2.353661,0.082635,19.335477,0.640208,0.160993,-0.048065,0.000000,0.000000,0.000000,0.000000,0.199777
162.000000,8.100000,1.982900,19.437262,0.572871,7.519268,2.351257,0.122043,19.335477,0.640208,0.171159,-0.002464,0.000000,0.000000,0.000000,0.000000,0.246882
163.000000,8.150000,2.791400,19.553814,0.588255,8.295466,2.351134,0.119511,19.485612,0.686395,0.169895,-0.001287,0.000000,0.000000,0.000000,0.000000,0.303155
164.000000,8.200000,2.032400,19.670141,0.605216,9.065775,2.351070,0.133572,19.635255,0.734152,0.168300,0.014140,0.000000,0.000000,0.000000,0.000000,0.369034
165.000000,8.250000,2.317400,19.786226,0.623739,9.828694,2.351777,0.159746,19.784390,0.783474,0.165424,0.006672,0.000000,0.000000,0.000000,0.000000,0.443503
166.000000,8.300000,2.177200,19.902089,0.643811,10.578557,2.352110,0.182643,19.784390,0.783474,0.170731,0.053587,0.000000,0.000000,0.000000,0.000000,0.525634
167.000000,8.350000,2.547700,20.017695,0.665402,11.353057,2.354790,0.188993,19.933000,0.834354,0.168258,-0.008318,0.000000,0.000000,0.000000,0.000000,0.614116
168.000000,8.400000,1.968700,20.133131,0.688579,12.116988,2.354374,0.204933,20.081069,0.886788,0.174718,0.006003,0.000000,0.000000,0.000000,0.000000,0.708648
169.000000,8.450000,3.011000,20.248227,0.713289,12.910704,2.354674,0.228328,20.228581,0.940770,0.172087,-0.031164,0.000000,0.000000,0.000000,0.000000,0.808155
170.000000,8.500000,2.297800,20.362984,0.739595,13.692328,2.353116,0.241942,20.228581,0.940770,0.169124,-0.026644,0.000000,0.000000,0.000000,0.000000,0.912281
171.000000,8.550000,2.560900,20.477296,0.767445,14.459722,2.351784,0.250460,20.375519,0.996294,0.168469,0.012683,0.000000,0.000000,0.000000,0.000000,1.020270
172.000000,8.600000,2.181200,20.591161,0.796807,15.223652,2.352418,0.265739,20.521868,1.053353,0.169150,0.037084,0.000000,0.000000,0.000000,0.000000,1.131566
173.000000,8.650000,2.277400,20.704654,0.827693,15.990939,2.354272,0.286652,20.667612,1.111941,0.164678,0.052060,0.000000,0.000000,0.000000,0.000000,1.245841
174.000000,8.700000,2.196900,20.817813,0.860121,16.738151,2.356875,0.293213,20.667612,1.111941,0.162824,0.031011,0.000000,0.000000,0.000000,0.000000,1.362663
175.000000,8.750000,2.295600,20.930664,0.894060,17.477618,2.358425,0.301973,20.812734,1.172053,0.170549,0.048009,0.000000,0.000000,0.000000,0.000000,1.481744
176.000000,8.800000,1.946800,21.043141,0.929476,18.253349,2.360826,0.316107,20.957218,1.233681,0.165374,0.065400,0.000000,0.000000,0.000000,0.000000,1.603109
177.000000,8.850000,2.505600,21.155243,0.966448,19.005870,2.364096,0.332606,20.957218,1.233681,0.173088,0.029511,0.000000,0.000000,0.000000,0.000000,1.726129
178.000000,8.900000,2.061200,21.267003,1.004944,19.795277,2.365571,0.335755,21.101050,1.296818,0.179356,0.023409,0.000000,0.000000,0.000000,0.000000,1.851211
179.000000,8.950000,2.238900,21.378293,1.045000,20.614394,2.366742,0.343691,21.244212,1.361458,0.179626,0.038313,0.000000,0.000000,0.000000,0.000000,1.978133
180.000000,9.000000,2.101600,21.489053,1.086664,21.435175,2.368658,0.355966,21.386689,1.427594,0.177908,0.046370,0.000000,0.000000,0.000000,0.000000,2.106439
181.000000,9.050000,3.206800,21.599294,1.129945,22.248597,2.370976,0.365781,21.386689,1.427594,0.176375,0.006947,0.000000,0.000000,0.000000,0.000000,2.235881
182.000000,9.100000,2.264500,21.709017,1.174830,23.055651,2.371323,0.367759,21.528466,1.495218,0.168084,-0.009933,0.000000,0.000000,0.000000,0.000000,2.366333
183.000000,9.150000,2.199200,21.818112,1.221264,23.824138,2.370827,0.373855,21.669528,1.564324,0.173029,-0.011290,0.000000,0.000000,0.000000,0.000000,2.497032
184.000000,9.200000,1.987200,21.926553,1.269146,24.615518,2.370262,0.383921,21.809857,1.634902,0.171858,-0.041698,0.000000,0.000000,0.000000,0.000000,2.628785
185.000000,9.250000,2.782600,22.034296,1.318510,25.401246,2.368177,0.387913,21.809857,1.634902,0.164482,0.054546,0.000000,0.000000,0.000000,0.000000,2.761043
186.000000,9.300000,2.259500,22.141258,1.369302,26.151960,2.370905,0.388326,21.949441,1.706946,0.158785,0.029830,0.000000,0.000000,0.000000,0.000000,2.893091
187.000000,9.350000,2.345300,22.247667,1.421551,26.877057,2.372396,0.392705,22.088261,1.780448,0.156646,0.049044,0.000000,0.000000,0.000000,0.000000,3.025209
188.000000,9.400000,1.991400,22.353474,1.475177,27.592674,2.374848,0.400926,22.226305,1.855400,0.152250,0.030519,0.000000,0.000000,0.000000,0.000000,3.157554
189.000000,9.450000,2.567800,22.458711,1.530176,28.288610,2.376374,0.399728,22.226305,1.855400,0.154739,-0.015871,0.000000,0.000000,0.000000,0.000000,3.287078
190.000000,9.500000,2.071500,22.563339,1.586486,28.996560,2.375581,0.398936,22.363556,1.931793,0.153610,-0.008538,0.000000,0.000000,0.000000,0.000000,3.402996
191.000000,9.550000,2.814100,22.667229,1.644065,29.699027,2.375154,0.401989,22.500000,2.009619,0.146928,0.030495,0.000000,0.000000,0.000000,0.000000,3.519637
192.000000,9.600000,2.121800,22.770387,1.702903,30.370362,2.376679,0.408818,22.635621,2.088870,0.151276,0.015687,0.000000,0.000000,0.000000,0.000000,3.636976
193.000000,9.650000,2.061000,22.872914,1.762984,31.062310,2.377463,0.403124,22.635621,2.088870,0.144821,0.057039,0.000000,0.000000,0.000000,0.000000,3.754940
194.000000,9.700000,1.898100,22.974741,1.824319,31.724523,2.380315,0.401159,22.770405,2.169536,0.140387,0.063017,0.000000,0.000000,0.000000,0.000000,3.873487
195.000000,9.750000,3.115300,23.075974,1.886901,32.366957,2.383466,0.403077,22.904337,2.251610,0.135851,0.074913,0.000000,0.000000,0.000000,0.000000,3.992617
196.000000,9.800000,2.129300,23.176632,1.950700,32.989193,2.387211,0.405822,22.904337,2.251610,0.140439,0.058107,0.000000,0.000000,0.000000,0.000000,4.112265
197.000000,9.850000,2.385000,23.276749,2.015689,33.633730,2.390117,0.399122,23.037402,2.335081,0.138481,0.042744,0.000000,0.000000,0.000000,0.000000,4.232459
198.000000,9.900000,1.929300,23.376249,2.081881,34.269937,2.392254,0.396225,23.169586,2.419941,0.144849,0.016736,0.000000,0.000000,0.000000,0.000000,4.353091
199.000000,9.950000,2.891800,23.475096,2.149234,34.936399,2.393091,0.397196,23.300873,2.506181,0.139517,0.055225,0.000000,0.000000,0.000000,0.000000,4.474183
200.000000,10.000000,1.990100,23.573187,2.217756,35.578226,2.395852,0.396666,23.300873,2.506181,0.131212,0.037921,0.000000,0.000000,0.000000,0.000000,4.588138
201.000000,10.050000,2.907200,23.670617,2.287453,36.182089,2.397748,0.388766,23.431251,2.593791,0.130811,0.008749,0.000000,0.000000,0.000000,0.000000,4.696182
202.000000,10.100000,2.694000,23.767384,2.358229,36.784560,2.398185,0.384757,23.560704,2.682762,0.126616,0.065875,0.000000,0.000000,0.000000,0.000000,4.804813
203.000000,10.150000,2.241800,23.863418,2.430032,37.367606,2.401479,0.384747,23.689218,2.773083,0.114680,0.067188,0.000000,0.000000,0.000000,0.000000,4.914238
204.000000,10.200000,3.010000,23.958848,2.502908,37.895902,2.404839,0.381700,23.689218,2.773083,0.111590,0.051414,0.000000,0.000000,0.000000,0.000000,5.025135
205.000000,10.250000,2.045600,24.053734,2.576764,38.410561,2.407409,0.372936,23.816779,2.864745,0.109778,0.075941,0.000000,0.000000,0.000000,0.000000,5.136714
206.000000,10.300000,2.083200,24.148054,2.651549,38.917337,2.411206,0.368301,23.943373,2.957738,0.108289,0.115471,0.000000,0.000000,0.000000,0.000000,5.248799
207.000000,10.350000,2.341600,24.241856,2.727285,39.417973,2.416980,0.367909,24.068987,3.052051,0.106994,0.137338,0.000000,0.000000,0.000000,0.000000,5.361394
208.000000,10.400000,2.513800,24.335216,2.804021,39.913759,2.423847,0.363864,24.068987,3.052051,0.109488,0.136335,0.000000,0.000000,0.000000,0.000000,5.474550
209.000000,10.450000,2.174000,24.428172,2.881782,40.422636,2.430664,0.354571,24.193606,3.147675,0.108925,0.137505,0.000000,0.000000,0.000000,0.000000,5.588032
210.000000,10.500000,3.238800,24.520693,2.960587,40.930302,2.437539,0.349378,24.317217,3.244598,0.105500,0.115318,0.000000,0.000000,0.000000,0.000000,5.702043
211.000000,10.550000,2.384500,24.612772,3.040433,41.423271,2.443305,0.348352,24.439806,3.342811,0.110915,0.108567,0.000000,0.000000,0.000000,0.000000,5.816753
212.000000,10.600000,2.309100,24.704377,3.121260,41.942976,2.448733,0.345083,24.439806,3.342811,0.106150,0.118231,0.000000,0.000000,0.000000,0.000000,5.931515
213.000000,10.650000,2.061300,24.795447,3.203095,42.441285,2.454645,0.334688,24.561360,3.442301,0.103371,0.115559,0.000000,0.000000,0.000000,0.000000,6.046958
214.000000,10.700000,2.282900,24.886019,3.285919,42.927625,2.460423,0.328329,24.681865,3.543060,0.105059,0.123952,0.000000,0.000000,0.000000,0.000000,6.162947
215.000000,10.750000,2.263000,24.976097,3.369706,43.423129,2.466620,0.326157,24.801309,3.645074,0.105891,0.097319,0.000000,0.000000,0.000000,0.000000,6.279192
216.000000,10.800000,2.381300,25.065672,3.454481,43.923845,2.471486,0.325904,24.801309,3.645074,0.109304,0.063561,0.000000,0.000000,0.000000,0.000000,6.395756
217.000000,10.850000,2.047000,25.154678,3.540205,44.441846,2.474664,0.313915,24.919678,3.748334,0.107043,0.040058,0.000000,0.000000,0.000000,0.000000,6.512426
218.000000,10.900000,2.125800,25.243019,3.626841,44.949699,2.476667,0.305828,25.036959,3.852828,0.094293,-0.005279,0.000000,0.000000,0.000000,0.000000,6.629428
219.000000,10.950000,2.276900,25.330659,3.714327,45.397041,2.476403,0.301918,25.153140,3.958544,0.091915,0.028931,0.000000,0.000000,0.000000,0.000000,6.747224
220.000000,11.000000,2.386200,25.417604,3.802486,45.832989,2.477850,0.302457,25.268207,4.065471,0.090106,0.012510,0.000000,0.000000,0.000000,0.000000,6.865134
221.000000,11.050000,2.018200,25.503927,3.891356,46.260558,2.478475,0.293053,25.268207,4.065471,0.094921,0.001856,0.000000,0.000000,0.000000,0.000000,6.983199
222.000000,11.100000,2.478600,25.589605,3.980890,46.711223,2.478568,0.283151,25.382148,4.173597,0.094743,0.040746,0.000000,0.000000,0.000000,0.000000,7.101057
223.000000,11.150000,2.342600,25.674580,4.071098,47.161057,2.480605,0.277725,25.494950,4.282910,0.091728,0.019684,0.000000,0.000000,0.000000,0.000000,7.218917
224.000000,11.200000,2.477800,25.758913,4.162045,47.596850,2.481589,0.276989,25.606602,4.393398,0.086150,0.010357,0.000000,0.000000,0.000000,0.000000,7.336988
225.000000,11.250000,2.023700,25.842585,4.253668,48.006172,2.482107,0.274249,25.606602,4.393398,0.088276,0.032689,0.000000,0.000000,0.000000,0.000000,7.455317
226.000000,11.300000,2.402800,25.925618,4.345905,48.425735,2.483742,0.262318,25.717090,4.505050,0.081283,0.019755,0.000000,0.000000,0.000000,0.000000,7.573546
227.000000,11.350000,2.021400,26.008027,4.438809,48.812160,2.484730,0.255037,25.826403,4.617852,0.081600,0.043564,0.000000,0.000000,0.000000,0.000000,7.692092
228.000000,11.400000,2.621700,26.089840,4.532304,49.200255,2.486908,0.252819,25.934529,4.731793,0.081657,0.021776,0.000000,0.000000,0.000000,0.000000,7.810625
229.000000,11.450000,1.983900,26.171090,4.626433,49.588963,2.487997,0.255721,26.041456,4.846860,0.086507,0.008858,0.000000,0.000000,0.000000,0.000000,7.929209
230.000000,11.500000,2.267000,26.251734,4.721153,50.001048,2.488439,0.244988,26.041456,4.846860,0.088594,0.021461,0.000000,0.000000,0.000000,0.000000,8.047611
231.000000,11.550000,2.156500,26.331709,4.816467,50.423204,2.489512,0.235665,26.147172,4.963041,0.094898,0.029851,0.000000,0.000000,0.000000,0.000000,8.165903
232.000000,11.600000,3.263700,26.411014,4.912409,50.875766,2.491005,0.231488,26.251666,5.080322,0.087279,0.002796,0.000000,0.000000,0.000000,0.000000,8.283969
233.000000,11.650000,2.581200,26.489606,5.009033,51.292051,2.491145,0.232613,26.354926,5.198691,0.086655,-0.029185,0.000000,0.000000,0.000000,0.000000,8.402292
234.000000,11.700000,2.081800,26.567498,5.106230,51.705368,2.489686,0.231810,26.354926,5.198691,0.084942,-0.036621,0.000000,0.000000,0.000000,0.000000,8.520572
235.000000,11.750000,1.937900,26.644641,5.203930,52.110238,2.487854,0.219714,26.456940,5.318135,0.083008,-0.004111,0.000000,0.000000,0.000000,0.000000,8.638761
236.000000,11.800000,2.407000,26.721036,5.302100,52.505555,2.487649,0.212891,26.557699,5.438640,0.079959,0.014000,0.000000,0.000000,0.000000,0.000000,8.756843
237.000000,11.850000,2.121400,26.796746,5.400786,52.886257,2.488349,0.211866,26.657189,5.560194,0.081305,-0.000079,0.000000,0.000000,0.000000,0.000000,8.874922
238.000000,11.900000,2.429600,26.871820,5.500001,53.273504,2.488345,0.216708,26.755402,5.682783,0.084087,0.004374,0.000000,0.000000,0.000000,0.000000,8.992917
239.000000,11.950000,1.933200,26.946221,5.599722,53.674065,2.488564,0.208113,26.755402,5.682783,0.081316,0.000103,0.000000,0.000000,0.000000,0.000000,9.110756
240.000000,12.000000,2.893400,27.019929,5.699969,54.061397,2.488569,0.198538,26.852325,5.806394,0.080253,-0.017539,0.000000,0.000000,0.000000,0.000000,9.228587
241.000000,12.050000,2.303300,27.092958,5.800712,54.443645,2.487692,0.194952,26.947949,5.931013,0.088930,-0.037612,0.000000,0.000000,0.000000,0.000000,9.346355
242.000000,12.100000,2.392500,27.165288,5.901904,54.867280,2.485811,0.197673,27.042262,6.056627,0.085236,-0.003316,0.000000,0.000000,0.000000,0.000000,9.463793
243.000000,12.150000,2.419200,27.236814,6.003551,55.272923,2.485646,0.201662,27.042262,6.056627,0.092290,0.013716,0.000000,0.000000,0.000000,0.000000,9.581123
244.000000,12.200000,2.351200,27.307614,6.105696,55.712294,2.486331,0.188991,27.135255,6.183221,0.095902,0.005245,0.000000,0.000000,0.000000,0.000000,9.698202
245.000000,12.250000,1.938300,27.377647,6.208409,56.169089,2.486594,0.182209,27.226917,6.310782,0.100436,0.028990,0.000000,0.000000,0.000000,0.000000,9.815136
246.000000,12.300000,2.351600,27.446867,6.311687,56.647673,2.488043,0.181900,27.317238,6.439296,0.104951,0.011513,0.000000,0.000000,0.000000,0.000000,9.931889
247.000000,12.350000,1.940200,27.515262,6.415601,57.148219,2.488619,0.188008,27.406209,6.568749,0.106113,-0.012413,0.000000,0.000000,0.000000,0.000000,10.048518
248.000000,12.400000,2.458900,27.582762,6.520133,57.654468,2.487998,0.183124,27.406209,6.568749,0.099757,-0.000498,0.000000,0.000000,0.000000,0.000000,10.165031
249.000000,12.450000,2.125500,27.649318,6.625230,58.130066,2.487973,0.172165,27.493819,6.699127,0.106595,-0.044415,0.000000,0.000000,0.000000,0.000000,10.281469
250.000000,12.500000,3.077200,27.715000,6.730876,58.638496,2.485752,0.167682,27.580059,6.830414,0.108904,-0.062793,0.000000,0.000000,0.000000,0.000000,10.397691
251.000000,12.550000,2.160300,27.779684,6.837005,59.157566,2.482613,0.170131,27.664919,6.962598,0.109686,-0.066613,0.000000,0.000000,0.000000,0.000000,10.513645
252.000000,12.600000,2.480700,27.843323,6.943581,59.679729,2.479282,0.179279,27.748390,7.095663,0.099144,-0.045269,0.000000,0.000000,0.000000,0.000000,10.629299
253.000000,12.650000,2.012000,27.905904,7.050589,60.150727,2.477019,0.163836,27.748390,7.095663,0.093892,-0.057890,0.000000,0.000000,0.000000,0.000000,10.744724
254.000000,12.700000,2.181400,27.967547,7.158010,60.596217,2.474124,0.154649,27.830464,7.229595,0.091099,-0.072905,0.000000,0.000000,0.000000,0.000000,10.859931
255.000000,12.750000,1.947000,28.028282,7.265780,61.027876,2.470479,0.153122,27.911130,7.364379,0.090053,-0.027082,0.000000,0.000000,0.000000,0.000000,10.974873
256.000000,12.800000,2.390500,28.088115,7.373846,61.453924,2.469125,0.159583,27.990381,7.500000,0.084359,0.017736,0.000000,0.000000,0.000000,0.000000,11.089507
257.000000,12.850000,2.119800,28.147111,7.482294,61.852681,2.470012,0.157727,27.990381,7.500000,0.084144,-0.014409,0.000000,0.000000,0.000000,0.000000,11.203954
258.000000,12.900000,2.450500,28.205371,7.591189,62.250560,2.469291,0.144436,28.068207,7.636444,0.076094,-0.003914,0.000000,0.000000,0.000000,0.000000,11.318307
259.000000,12.950000,1.985300,28.262857,7.700454,62.610112,2.469095,0.139100,28.144600,7.773695,0.076469,-0.032775,0.000000,0.000000,0.000000,0.000000,11.432502
260.000000,13.000000,3.001800,28.319651,7.810069,62.971416,2.467457,0.142676,28.219552,7.911739,0.080728,0.000012,0.000000,0.000000,0.000000,0.000000,11.546567
261.000000,13.050000,2.059400,28.375716,7.919967,63.352674,2.467457,0.154555,28.293054,8.050559,0.076245,0.047127,0.000000,0.000000,0.000000,0.000000,11.660433
262.000000,13.100000,2.379800,28.431049,8.030236,63.712674,2.469814,0.139483,28.293054,8.050559,0.072006,0.035153,0.000000,0.000000,0.000000,0.000000,11.774162
263.000000,13.150000,2.164200,28.485739,8.140956,64.052915,2.471571,0.130283,28.365098,8.190143,0.075337,0.034030,0.000000,0.000000,0.000000,0.000000,11.887866
264.000000,13.200000,2.831100,28.539810,8.252078,64.409204,2.473273,0.130344,28.435676,8.330472,0.078955,0.083337,0.000000,0.000000,0.000000,0.000000,12.001544
265.000000,13.250000,2.236500,28.593225,8.363610,64.782931,2.477440,0.139534,28.504782,8.471534,0.081540,0.047684,0.000000,0.000000,0.000000,0.000000,12.115186
266.000000,13.300000,2.127300,28.646001,8.475677,65.169599,2.479824,0.141280,28.504782,8.471534,0.084128,0.027523,0.000000,0.000000,0.000000,0.000000,12.228893
267.000000,13.350000,2.099700,28.698069,8.588206,65.568982,2.481200,0.128146,28.572406,8.613311,0.083120,0.032717,0.000000,0.000000,0.000000,0.000000,12.342578
268.000000,13.400000,2.783900,28.749380,8.701157,65.963774,2.482836,0.123570,28.638542,8.755788,0.086192,0.034701,0.000000,0.000000,0.000000,0.000000,12.456167
269.000000,13.450000,2.299200,28.799944,8.814535,66.373500,2.484571,0.128410,28.703182,8.898950,0.086761,0.021787,0.000000,0.000000,0.000000,0.000000,12.569701
270.000000,13.500000,2.121300,28.849732,8.928350,66.786231,2.485660,0.141606,28.766319,9.042782,0.090006,0.017915,0.000000,0.000000,0.000000,0.000000,12.683156
271.000000,13.550000,1.946800,28.898720,9.042571,67.214670,2.486556,0.132400,28.766319,9.042782,0.090907,0.031350,0.000000,0.000000,0.000000,0.000000,12.796524
272.000000,13.600000,2.716100,28.946869,9.157197,67.647580,2.488124,0.122665,28.827947,9.187266,0.092416,0.020420,0.000000,0.000000,0.000000,0.000000,12.909768
273.000000,13.650000,2.223500,28.994181,9.272255,68.087992,2.489145,0.121975,28.888059,9.332388,0.096416,0.029831,0.000000,0.000000,0.000000,0.000000,13.022920
274.000000,13.700000,2.287200,29.040626,9.387722,68.547773,2.490636,0.130407,28.946647,9.478132,0.104447,0.071682,0.000000,0.000000,0.000000,0.000000,13.135981
275.000000,13.750000,2.254000,29.086171,9.503626,69.046415,2.494220,0.141834,28.946647,9.478132,0.097908,0.010419,0.000000,0.000000,0.000000,0.000000,13.249019
276.000000,13.800000,2.594000,29.130769,9.620090,69.514308,2.494741,0.127138,29.003706,9.624481,0.097511,-0.005799,0.000000,0.000000,0.000000,0.000000,13.361906
277.000000,13.850000,1.945000,29.174424,9.736939,69.980385,2.494451,0.120244,29.059230,9.771419,0.095544,-0.026226,0.000000,0.000000,0.000000,0.000000,13.474602
278.000000,13.900000,2.819800,29.217121,9.854125,70.436951,2.493140,0.122463,29.113212,9.918931,0.094583,-0.057876,0.000000,0.000000,0.000000,0.000000,13.587043
279.000000,13.950000,2.393600,29.258862,9.971586,70.888659,2.490246,0.133391,29.165646,10.067000,0.093607,-0.056252,0.000000,0.000000,0.000000,0.000000,13.699200
280.000000,14.000000,2.299600,29.299628,10.089236,71.335160,2.487434,0.135815,29.165646,10.067000,0.095986,-0.009612,0.000000,0.000000,0.000000,0.000000,13.811001
281.000000,14.050000,1.979200,29.339431,10.207066,71.792563,2.486953,0.123201,29.216526,10.215610,0.091851,-0.059858,0.000000,0.000000,0.000000,0.000000,13.922518
282.000000,14.100000,2.191900,29.378284,10.325188,72.230061,2.483960,0.119192,29.265848,10.364745,0.088483,-0.053827,0.000000,0.000000,0.000000,0.000000,14.033712
283.000000,14.150000,2.291300,29.416189,10.443460,72.650923,2.481269,0.124717,29.313605,10.514388,0.098880,-0.029571,0.000000,0.000000,0.000000,0.000000,14.144492
284.000000,14.200000,2.343800,29.453184,10.561880,73.121036,2.479790,0.138772,29.359792,10.664523,0.091627,-0.017462,0.000000,0.000000,0.000000,0.000000,14.255197
285.000000,14.250000,1.984700,29.489184,10.680528,73.556205,2.478917,0.130378,29.359792,10.664523,0.097228,-0.011855,0.000000,0.000000,0.000000,0.000000,14.365431
286.000000,14.300000,2.961600,29.524270,10.799404,74.017978,2.478324,0.120893,29.404405,10.815133,0.091891,-0.038225,0.000000,0.000000,0.000000,0.000000,14.475559
287.000000,14.350000,2.157500,29.558389,10.918531,74.454151,2.476413,0.120758,29.447439,10.966203,0.082922,-0.013008,0.000000,0.000000,0.000000,0.000000,14.585291
288.000000,14.400000,2.167700,29.591574,11.037821,74.847239,2.475763,0.130105,29.488887,11.117714,0.082776,-0.032337,0.000000,0.000000,0.000000,0.000000,14.694482
289.000000,14.450000,1.982300,29.623931,11.157306,75.239529,2.474146,0.140728,29.488887,11.117714,0.086438,-0.003021,0.000000,0.000000,0.000000,0.000000,14.803456
290.000000,14.500000,2.855800,29.655449,11.276931,75.648990,2.473995,0.126911,29.528747,11.269652,0.086382,-0.041582,0.000000,0.000000,0.000000,0.000000,14.912278
291.000000,14.550000,2.063600,29.686110,11.396770,76.058162,2.471916,0.121738,29.567014,11.421998,0.083215,-0.038836,0.000000,0.000000,0.000000,0.000000,15.020891
292.000000,14.600000,2.696400,29.715888,11.516725,76.451928,2.469974,0.126314,29.603684,11.574737,0.095542,-0.066472,0.000000,0.000000,0.000000,0.000000,15.129116
293.000000,14.650000,2.017600,29.744819,11.636787,76.904005,2.466650,0.139797,29.638751,11.727851,0.099661,0.015584,0.000000,0.000000,0.000000,0.000000,15.237450
294.000000,14.700000,2.326200,29.772764,11.756912,77.375064,2.467430,0.137128,29.638751,11.727851,0.084233,0.003270,0.000000,0.000000,0.000000,0.000000,15.345537
295.000000,14.750000,1.946600,29.799729,11.877301,77.772951,2.467593,0.127579,29.672214,11.881325,0.085060,-0.000352,0.000000,0.000000,0.000000,0.000000,15.452891
296.000000,14.800000,3.074500,29.825860,11.997882,78.174786,2.467575,0.127363,29.704068,12.035140,0.083573,0.036960,0.000000,0.000000,0.000000,0.000000,15.560083
297.000000,14.850000,1.958700,29.851143,12.118642,78.569560,2.469423,0.136529,29.734309,12.189280,0.091435,0.078397,0.000000,0.000000,0.000000,0.000000,15.667019
298.000000,14.900000,2.496200,29.875612,12.239664,79.001998,2.473343,0.150018,29.734309,12.189280,0.099115,0.048055,0.000000,0.000000,0.000000,0.000000,15.774117
299.000000,14.950000,1.941200,29.899205,12.361060,79.471732,2.475746,0.137369,29.762934,12.343729,0.100479,0.083206,0.000000,0.000000,0.000000,0.000000,15.881438
300.000000,15.000000,3.000000,29.921824,12.482763,79.948434,2.479906,0.132815,29.789941,12.498469,0.105989,0.054889,0.000000,0.000000,0.000000,0.000000,15.988654
301.000000,15.050000,2.283900,29.943465,12.604856,80.452314,2.482651,0.137056,29.815325,12.653483,0.111040,0.049972,0.000000,0.000000,0.000000,0.000000,16.095999
302.000000,15.100000,2.332700,29.964055,12.727269,80.980984,2.485149,0.149189,29.839085,12.808755,0.115137,0.012188,0.000000,0.000000,0.000000,0.000000,16.203378
303.000000,15.150000,1.984500,29.983534,12.849990,81.529884,2.485759,0.150219,29.839085,12.808755,0.113781,0.042754,0.000000,0.000000,0.000000,0.000000,16.310727
304.000000,15.200000,2.478200,30.001840,12.972922,82.072395,2.487896,0.140889,29.861218,12.964266,0.117860,-0.020639,0.000000,0.000000,0.000000,0.000000,16.417715
305.000000,15.250000,2.041500,30.018997,13.096128,82.635017,2.486864,0.139337,29.881721,13.120002,0.119765,0.034610,0.000000,0.000000,0.000000,0.000000,16.524650
306.000000,15.300000,2.168100,30.034937,13.219445,83.206585,2.488595,0.145741,29.900591,13.275943,0.117418,-0.002712,0.000000,0.000000,0.000000,0.000000,16.631284
307.000000,15.350000,2.108900,30.049655,13.343002,83.767233,2.488459,0.159098,29.917828,13.432073,0.116766,-0.023830,0.000000,0.000000,0.000000,0.000000,16.737523
308.000000,15.400000,2.221400,30.063164,13.466689,84.324712,2.487268,0.149401,29.917828,13.432073,0.114928,-0.025939,0.000000,0.000000,0.000000,0.000000,16.843371
309.000000,15.450000,1.918200,30.075462,13.590443,84.873075,2.485971,0.142048,29.933429,13.588375,0.108577,-0.029497,0.000000,0.000000,0.000000,0.000000,16.948721
310.000000,15.500000,1.917800,30.086570,13.714244,85.390616,2.484496,0.142499,29.947393,13.744832,0.115209,-0.007724,0.000000,0.000000,0.000000,0.000000,17.053333
311.000000,15.550000,2.144500,30.096553,13.838067,85.939717,2.484110,0.150793,29.959717,13.901427,0.109205,-0.014115,0.000000,0.000000,0.000000,0.000000,17.157906
312.000000,15.600000,2.326800,30.105347,13.961961,86.459889,2.483404,0.157710,29.959717,13.901427,0.102556,-0.049899,0.000000,0.000000,0.000000,0.000000,17.261777
313.000000,15.650000,2.028200,30.113014,14.085894,86.948021,2.480909,0.145289,29.970401,14.058142,0.097389,-0.047349,0.000000,0.000000,0.000000,0.000000,17.364910
314.000000,15.700000,2.144200,30.119619,14.209764,87.410933,2.478542,0.140272,29.979443,14.214961,0.094637,-0.022470,0.000000,0.000000,0.000000,0.000000,17.467336
315.000000,15.750000,2.248900,30.125217,14.333564,87.860253,2.477418,0.143577,29.986842,14.371865,0.098132,0.040340,0.000000,0.000000,0.000000,0.000000,17.569213
316.000000,15.800000,2.004400,30.129842,14.457349,88.326065,2.479435,0.154747,29.992598,14.528839,0.100093,0.041959,0.000000,0.000000,0.000000,0.000000,17.670967
317.000000,15.850000,2.205400,30.133463,14.581268,88.801631,2.481533,0.150305,29.992598,14.528839,0.100475,-0.023401,0.000000,0.000000,0.000000,0.000000,17.772621
318.000000,15.900000,2.129100,30.136058,14.705317,89.279428,2.480363,0.140699,29.996710,14.685864,0.094218,-0.059945,0.000000,0.000000,0.000000,0.000000,17.874073
319.000000,15.950000,2.958600,30.137618,14.829326,89.727078,2.477366,0.139106,29.999178,14.842923,0.102054,-0.042865,0.000000,0.000000,0.000000,0.000000,17.974780
320.000000,16.000000,2.145300,30.138208,14.953192,90.211622,2.475223,0.145919,30.000000,15.000000,0.105754,-0.101753,0.000000,0.000000,0.000000,0.000000,18.075566
321.000000,16.050000,2.342500,30.137751,15.076953,90.713430,2.470135,0.157788,30.000000,15.000000,0.103385,-0.098780,0.000000,0.000000,0.000000,0.000000,18.176173
322.000000,16.100000,1.956200,30.136213,15.200450,91.202903,2.465196,0.143736,29.999178,15.157077,0.103651,-0.063343,0.000000,0.000000,0.000000,0.000000,18.276078
323.000000,16.150000,2.873500,30.133625,15.323683,91.692666,2.462029,0.137247,29.996710,15.314136,0.105498,-0.012536,0.000000,0.000000,0.000000,0.000000,18.375467
324.000000,16.200000,2.311300,30.129989,15.446730,92.190578,2.461402,0.139546,29.992598,15.471161,0.100453,0.004126,0.000000,0.000000,0.000000,0.000000,18.474515
325.000000,16.250000,2.096900,30.125285,15.569710,92.664396,2.461608,0.150266,29.986842,15.628135,0.101434,-0.061651,0.000000,0.000000,0.000000,0.000000,18.572853
326.000000,16.300000,1.993300,30.119563,15.692658,93.142911,2.458526,0.147574,29.986842,15.628135,0.103957,-0.023185,0.000000,0.000000,0.000000,0.000000,18.670943
327.000000,16.350000,3.050300,30.112824,15.815399,93.632799,2.457367,0.136792,29.979443,15.785039,0.105160,0.017143,0.000000,0.000000,0.000000,0.000000,18.768753
328.000000,16.400000,2.230800,30.105039,15.938021,94.128163,2.458224,0.134692,29.970401,15.941858,0.102417,0.035632,0.000000,0.000000,0.000000,0.000000,18.866258
329.000000,16.450000,2.371400,30.096191,16.060613,94.610686,2.460005,0.141654,29.959717,16.098573,0.098728,0.044372,0.000000,0.000000,0.000000,0.000000,18.963250
330.000000,16.500000,1.977600,30.086303,16.183215,95.076051,2.462224,0.152277,29.959717,16.098573,0.099251,0.035609,0.000000,0.000000,0.000000,0.000000,19.059706
331.000000,16.550000,2.146600,30.075411,16.305844,95.544318,2.464004,0.137683,29.947393,16.255168,0.098425,0.052466,0.000000,0.000000,0.000000,0.000000,19.155962
332.000000,16.600000,1.926300,30.063507,16.428467,96.008998,2.466628,0.131164,29.933429,16.411625,0.099351,0.073002,0.000000,0.000000,0.000000,0.000000,19.251898
333.000000,16.650000,3.090300,30.050597,16.551121,96.478579,2.470278,0.133828,29.917828,16.567927,0.098953,0.052872,0.000000,0.000000,0.000000,0.000000,19.347677
334.000000,16.700000,2.187400,30.036660,16.673846,96.946959,2.472921,0.145037,29.900591,16.724057,0.101336,0.025112,0.000000,0.000000,0.000000,0.000000,19.443233
335.000000,16.750000,2.288100,30.021705,16.796585,97.427207,2.474177,0.141169,29.900591,16.724057,0.097755,0.026537,0.000000,0.000000,0.000000,0.000000,19.538739
336.000000,16.800000,2.097100,30.005714,16.919256,97.890610,2.475504,0.130059,29.881721,16.879998,0.101631,0.019381,0.000000,0.000000,0.000000,0.000000,19.633663
337.000000,16.850000,3.092600,29.988722,17.041859,98.372769,2.476473,0.127651,29.861218,17.035734,0.099750,0.000772,0.000000,0.000000,0.000000,0.000000,19.728611
338.000000,16.900000,1.937100,29.970691,17.164363,98.846128,2.476511,0.134324,29.839085,17.191245,0.105867,0.046537,0.000000,0.000000,0.000000,0.000000,19.823088
339.000000,16.950000,2.362900,29.951649,17.286715,99.348736,2.478838,0.147598,29.839085,17.191245,0.107857,0.020209,0.000000,0.000000,0.000000,0.000000,19.917713
340.000000,17.000000,1.937300,29.931516,17.409011,99.861346,2.479849,0.131931,29.815325,17.346517,0.106139,0.047735,0.000000,0.000000,0.000000,0.000000,20.012206
341.000000,17.050000,3.085400,29.910280,17.531172,100.365935,2.482236,0.123936,29.789941,17.501531,0.104348,0.020957,0.000000,0.000000,0.000000,0.000000,20.106197
342.000000,17.100000,2.291700,29.887948,17.653258,100.862422,2.483283,0.125051,29.762934,17.656271,0.100343,0.003092,0.000000,0.000000,0.000000,0.000000,20.199736
343.000000,17.150000,2.144000,29.864549,17.775197,101.339925,2.483438,0.134998,29.734309,17.810720,0.112237,0.035185,0.000000,0.000000,0.000000,0.000000,20.292589
344.000000,17.200000,2.089700,29.840134,17.896945,101.874512,2.485197,0.136505,29.734309,17.810720,0.114793,0.035490,0.000000,0.000000,0.000000,0.000000,20.386111
345.000000,17.250000,2.202000,29.814565,18.018546,102.421767,2.486972,0.122849,29.704068,17.964860,0.108038,-0.005614,0.000000,0.000000,0.000000,0.000000,20.479491
346.000000,17.300000,1.957100,29.787817,18.139983,102.936926,2.486691,0.117550,29.672214,18.118675,0.107307,-0.006593,0.000000,0.000000,0.000000,0.000000,20.571887
347.000000,17.350000,3.114400,29.759981,18.261162,103.448516,2.486361,0.121726,29.638751,18.272149,0.107514,0.023252,0.000000,0.000000,0.000000,0.000000,20.663792
348.000000,17.400000,2.297000,29.731068,18.382071,103.961032,2.487524,0.134508,29.603684,18.425263,0.098135,0.010474,0.000000,0.000000,0.000000,0.000000,20.755290
349.000000,17.450000,2.267400,29.701061,18.502773,104.428755,2.488048,0.124459,29.603684,18.425263,0.095885,-0.023233,0.000000,0.000000,0.000000,0.000000,20.845555
350.000000,17.500000,1.975900,29.670063,18.623252,104.885786,2.486886,0.112546,29.567014,18.578002,0.093847,-0.015345,0.000000,0.000000,0.000000,0.000000,20.935267
351.000000,17.550000,2.680200,29.638119,18.743423,105.332835,2.486119,0.110151,29.528747,18.730348,0.099323,-0.000427,0.000000,0.000000,0.000000,0.000000,21.024398
352.000000,17.600000,2.255300,29.605250,18.863304,105.805992,2.486097,0.117900,29.488887,18.882286,0.103998,-0.027696,0.000000,0.000000,0.000000,0.000000,21.113677
353.000000,17.650000,2.343100,29.571391,18.982909,106.301575,2.484713,0.130123,29.488887,18.882286,0.101173,-0.015369,0.000000,0.000000,0.000000,0.000000,21.203026
354.000000,17.700000,1.900400,29.536519,19.102150,106.783333,2.483944,0.112283,29.447439,19.033797,0.097318,0.014941,0.000000,0.000000,0.000000,0.000000,21.291649
355.000000,17.750000,2.868700,29.500657,19.221057,107.246469,2.484691,0.102831,29.404405,19.184867,0.098631,-0.012992,0.000000,0.000000,0.000000,0.000000,21.379483
356.000000,17.800000,2.267800,29.463824,19.339706,107.716037,2.484042,0.104117,29.359792,19.335477,0.101005,0.027601,0.000000,0.000000,0.000000,0.000000,21.467105
357.000000,17.850000,2.188600,29.426029,19.458018,108.196857,2.485422,0.115761,29.313605,19.485612,0.098381,0.030912,0.000000,0.000000,0.000000,0.000000,21.554563
358.000000,17.900000,2.008900,29.387221,19.576074,108.665363,2.486967,0.116631,29.313605,19.485612,0.093833,0.020131,0.000000,0.000000,0.000000,0.000000,21.641415
359.000000,17.950000,2.237600,29.347425,19.693882,109.112358,2.487974,0.100459,29.265848,19.635255,0.110431,0.025672,0.000000,0.000000,0.000000,0.000000,21.727489
360.000000,18.000000,2.110700,29.306694,19.811424,109.639233,2.489257,0.094133,29.216526,19.784390,0.113870,0.037890,0.000000,0.000000,0.000000,0.000000,21.814926
361.000000,18.050000,3.163100,29.264862,19.928646,110.182940,2.491152,0.099312,29.165646,19.933000,0.103595,0.020286,0.000000,0.000000,0.000000,0.000000,21.902303
362.000000,18.100000,2.179800,29.221888,20.045556,110.677587,2.492166,0.114332,29.113212,20.081069,0.104269,0.038062,0.000000,0.000000,0.000000,0.000000,21.988198
363.000000,18.150000,2.348100,29.177887,20.162137,111.175683,2.494069,0.103706,29.113212,20.081069,0.105805,0.040485,0.000000,0.000000,0.000000,0.000000,22.073779
364.000000,18.200000,1.943100,29.132841,20.278420,111.681557,2.496094,0.088896,29.059230,20.228581,0.107052,0.085768,0.000000,0.000000,0.000000,0.000000,22.159160
365.000000,18.250000,2.906700,29.086732,20.394395,112.193854,2.500382,0.085144,29.003706,20.375519,0.097598,0.048572,0.000000,0.000000,0.000000,0.000000,22.244303
366.000000,18.300000,1.934600,29.039507,20.510152,112.661405,2.502811,0.093596,28.946647,20.521868,0.089275,0.036793,0.000000,0.000000,0.000000,0.000000,22.328125
367.000000,18.350000,2.275400,28.991293,20.625631,113.089277,2.504650,0.111443,28.888059,20.667612,0.084378,0.034618,0.000000,0.000000,0.000000,0.000000,22.410739
368.000000,18.400000,2.185700,28.942181,20.740832,113.493863,2.506381,0.091051,28.888059,20.667612,0.080058,-0.014659,0.000000,0.000000,0.000000,0.000000,22.492549
369.000000,18.450000,3.070800,28.892222,20.855762,113.877907,2.505648,0.077348,28.827947,20.812734,0.081444,-0.047947,0.000000,0.000000,0.000000,0.000000,22.573644
370.000000,18.500000,2.063200,28.841509,20.970322,114.268514,2.503251,0.076323,28.766319,20.957218,0.073815,-0.097330,0.000000,0.000000,0.000000,0.000000,22.654600
371.000000,18.550000,2.482700,28.790066,21.084424,114.622055,2.498384,0.088460,28.703182,21.101050,0.076019,-0.069338,0.000000,0.000000,0.000000,0.000000,22.734361
372.000000,18.600000,1.980600,28.738021,21.197985,114.985484,2.494918,0.103005,28.703182,21.101050,0.076887,-0.070119,0.000000,0.000000,0.000000,0.000000,22.813988
373.000000,18.650000,2.728200,28.685329,21.311056,115.352567,2.491412,0.081592,28.638542,21.244212,0.074129,-0.035876,0.000000,0.000000,0.000000,0.000000,22.880612
374.000000,18.700000,2.299600,28.631990,21.423629,115.705940,2.489618,0.070106,28.572406,21.386689,0.075660,-0.077229,0.000000,0.000000,0.000000,0.000000,22.930362
375.000000,18.750000,2.371100,28.577996,21.535791,116.066378,2.485756,0.073580,28.504782,21.528466,0.079548,-0.072267,0.000000,0.000000,0.000000,0.000000,22.980128
376.000000,18.800000,2.164400,28.523382,21.647437,116.444827,2.482143,0.090445,28.435676,21.669528,0.082857,-0.089687,0.000000,0.000000,0.000000,0.000000,23.030217
377.000000,18.850000,2.351800,28.468113,21.758558,116.838514,2.477659,0.094755,28.435676,21.669528,0.088830,-0.076124,0.000000,0.000000,0.000000,0.000000,23.080510
378.000000,18.900000,1.979800,28.412183,21.869096,117.259963,2.473852,0.075672,28.365098,21.809857,0.083916,-0.078023,0.000000,0.000000,0.000000,0.000000,23.131373
379.000000,18.950000,2.749100,28.355528,21.979051,117.657374,2.469951,0.069136,28.293054,21.949441,0.081645,-0.035049,0.000000,0.000000,0.000000,0.000000,23.181070
380.000000,19.000000,2.014200,28.298202,22.088438,118.043374,2.468199,0.078651,28.219552,22.088261,0.080387,0.021185,0.000000,0.000000,0.000000,0.000000,23.230057
381.000000,19.050000,2.326700,28.240182,22.197358,118.423129,2.469258,0.099869,28.144600,22.226305,0.081886,0.021862,0.000000,0.000000,0.000000,0.000000,23.278556
382.000000,19.100000,1.995800,28.181417,22.305939,118.810164,2.470351,0.087732,28.144600,22.226305,0.080164,0.000743,0.000000,0.000000,0.000000,0.000000,23.228071
383.000000,19.150000,2.937000,28.121892,22.414167,119.189194,2.470388,0.073781,28.068207,22.363556,0.078734,0.003924,0.000000,0.000000,0.000000,0.000000,23.130407
384.000000,19.200000,2.153600,28.061653,22.522002,119.561436,2.470584,0.074590,27.990381,22.500000,0.082818,-0.050319,0.000000,0.000000,0.000000,0.000000,23.032571
385.000000,19.250000,2.084300,28.000709,22.629451,119.953106,2.468069,0.089791,27.911130,22.635621,0.087593,-0.103609,0.000000,0.000000,0.000000,0.000000,22.934222
386.000000,19.300000,1.958100,27.939094,22.736372,120.367051,2.462888,0.104559,27.911130,22.635621,0.093012,-0.098355,0.000000,0.000000,0.000000,0.000000,22.835411
387.000000,19.350000,3.082300,27.876840,22.842621,120.805826,2.457970,0.085825,27.830464,22.770405,0.097149,-0.023281,0.000000,0.000000,0.000000,0.000000,22.736189
388.000000,19.400000,2.106200,27.813900,22.948180,121.263321,2.456806,0.078827,27.748390,22.904337,0.097241,-0.010775,0.000000,0.000000,0.000000,0.000000,22.636607
389.000000,19.450000,2.607300,27.750150,23.053182,121.721037,2.456268,0.086679,27.664919,23.037402,0.100700,0.023218,0.000000,0.000000,0.000000,0.000000,22.536735
390.000000,19.500000,1.984900,27.685576,23.157650,122.195035,2.457428,0.106191,27.580059,23.169586,0.100441,-0.005169,0.000000,0.000000,0.000000,0.000000,22.436360
391.000000,19.550000,2.656700,27.620110,23.261628,122.668033,2.457170,0.100379,27.580059,23.169586,0.102067,0.057595,0.000000,0.000000,0.000000,0.000000,22.335610
392.000000,19.600000,2.105400,27.553795,23.365052,123.148689,2.460050,0.087841,27.493819,23.300873,0.095561,0.066888,0.000000,0.000000,0.000000,0.000000,22.234445
393.000000,19.650000,2.603000,27.486535,23.468037,123.599038,2.463394,0.088349,27.406209,23.431251,0.100247,0.056833,0.000000,0.000000,0.000000,0.000000,22.133166
394.000000,19.700000,2.083600,27.418376,23.570628,124.072262,2.466236,0.101623,27.317238,23.560704,0.104599,0.015572,0.000000,0.000000,0.000000,0.000000,22.031191
395.000000,19.750000,2.546200,27.349292,23.672771,124.566746,2.467014,0.116562,27.317238,23.560704,0.116064,0.002101,0.000000,0.000000,0.000000,0.000000,21.928543
396.000000,19.800000,1.984400,27.279307,23.774346,125.116069,2.467119,0.099958,27.226917,23.689218,0.119071,0.096125,0.000000,0.000000,0.000000,0.000000,21.824945
397.000000,19.850000,2.668600,27.208348,23.875250,125.679779,2.471926,0.093603,27.135255,23.816779,0.108713,0.030872,0.000000,0.000000,0.000000,0.000000,21.720813
398.000000,19.900000,2.046800,27.136260,23.975646,126.195047,2.473469,0.099384,27.042262,23.943373,0.109445,0.092175,0.000000,0.000000,0.000000,0.000000,21.616577
399.000000,19.950000,2.292100,27.063226,24.075452,126.714135,2.478078,0.115459,26.947949,24.068987,0.103994,0.166721,0.000000,0.000000,0.000000,0.000000,21.511891
