x,y,yaw,ref_v
0.0,0.0,0.3741966805226849,4.0
0.1,0.039269504443556674,0.37418618694913863,4.0
0.2,0.07853658655910338,0.374154706356923,4.0
0.30000000000000004,0.11779882416805076,0.3741022391315026,4.0
0.4,0.15705379539064146,0.37402878591596694,4.0
0.5,0.19629907879534306,0.3739343476120036,4.0
0.6000000000000001,0.23553225354821333,0.3738189253812604,4.0
0.7000000000000001,0.27475089956222876,0.3736825206470958,4.0
0.8,0.31395259764656686,0.37352513509671914,4.0
0.9,0.3531349296558334,0.37334677068371835,4.0
1.0,0.3922954786392247,0.37314742963097614,4.0
1.1,0.4314318289896169,0.37292711443397386,4.0
1.2000000000000002,0.4705415665925716,0.37268582786448323,4.0
1.3,0.5096222789752501,0.37242357297464423,4.0
1.4000000000000001,0.5486715554552264,0.3721403531014302,4.0
1.5,0.5876869872891882,0.3718361718714983,4.0
1.6,0.6266661678215213,0.371511033206426,4.0
1.7000000000000002,0.6656066926327618,0.37116494132833094,4.0
1.8,0.7045061596879133,0.3707979007658762,4.0
1.9000000000000001,0.743362169484615,0.37040991636065784,4.0
2.0,0.7821723252011543,0.37000099327397457,4.0
2.1,0.8209342328443148,0.3695711369939793,4.0
2.2,0.8596455013970478,0.36912035334321136,4.0
2.3000000000000003,0.8983037429659628,0.36864864848650664,4.0
2.4000000000000004,0.9369065729286231,0.3681560289392877,4.0
2.5,0.9754516100806412,0.3676425015762295,4.0
2.6,1.0139364767825625,0.36710807364030157,4.0
2.7,1.0523587991065284,0.3665527527521842,4.0
2.8000000000000003,1.0907162069827128,0.3659765469200574,4.0
2.9000000000000004,1.1290063343455186,0.36537946454976156,4.0
3.0,1.167226819279527,0.3647615144553271,4.0
3.1,1.2053753041651931,0.36412270586987266,4.0
3.2,1.243449435824274,0.3634630484568685,4.0
3.3000000000000003,1.2814468656649833,0.36278255232176515,4.0
3.4000000000000004,1.3193652498268647,0.3620812280239824,4.0
3.5,1.3572022493253713,0.3613590865892595,4.0
3.6,1.3949555301961465,0.3606161395223623,4.0
3.7,1.4326227636389914,0.3598523988201449,4.0
3.8000000000000003,1.47020162616152,0.35906787698496434,4.0
3.9000000000000004,1.5076897997224785,0.35826258703844516,4.0
4.0,1.545084971874737,0.35743654253558976,4.0
4.1000000000000005,1.5823848359079307,0.3565897575792341,4.0
4.2,1.619587090990747,0.3557222468348428,4.0
4.3,1.6566894423128549,0.3548340255456424,4.0
4.4,1.693689601226457,0.3539251095480883,4.0
4.5,1.7305852853874648,0.3529955152876624,4.0
4.6000000000000005,1.767374218896286,0.3520452598349964,4.0
4.7,1.804054132438209,0.3510743609023188,4.0
4.800000000000001,1.8406227634233898,0.35008283686021924,4.0
4.9,1.8770778561264154,0.34907070675472757,4.0
5.0,1.913417161825449,0.34803799032470184,4.0
5.1000000000000005,1.9496384389409416,0.34698470801952186,4.0
5.2,1.985739453173903,0.3459108810170815,4.0
5.300000000000001,2.021717977643725,0.3448165312420768,4.0
5.4,2.057571793025544,0.34370168138458207,4.0
5.5,2.0932986876871404,0.3425663549189112,4.0
5.6000000000000005,2.1288964578253635,0.34141057612275544,4.0
5.7,2.1643629076020696,0.340234370096594,4.0
5.800000000000001,2.1996958492795757,0.3390377627833697,4.0
5.9,2.234893103355606,0.3378207809884237,4.0
6.0,2.2699524986977337,0.3365834523996829,4.0
6.1000000000000005,2.3048718726773116,0.33532580560809166,4.0
6.2,2.339649071302867,0.33404787012828285,4.0
6.300000000000001,2.374281949352973,0.3327496764194776,4.0
6.4,2.4087683705085765,0.33143125590660927,4.0
6.5,2.4431062074847745,0.33009264100166075,4.0
6.6000000000000005,2.477293342162038,0.32873386512520825,4.0
6.7,2.5113276657168626,0.327354962728163,4.0
6.800000000000001,2.5452070787518566,0.3259559693137007,4.0
6.9,2.5789294914252374,0.32453692145937085,4.0
7.0,2.612492823579744,0.3230978568393758,4.0
7.1000000000000005,2.6458950048709533,0.32163881424700963,4.0
7.2,2.679133974894983,0.32015983361724726,4.0
7.300000000000001,2.7122076833155937,0.31866095604947214,4.0
7.4,2.745114089990659,0.31714222383033414,4.0
7.5,2.777851165098011,0.31560368045672355,4.0
7.6000000000000005,2.8104168892606527,0.3140453706588526,4.0
7.7,2.8428092536713194,0.31246734042343105,4.0
7.800000000000001,2.875026260216393,0.3108696370169245,4.0
7.9,2.907065921599153,0.3092523090088837,4.0
8.0,2.938926261462366,0.30761540629533063,4.0
8.1,2.9706053145101925,0.3059589801221904,4.0
8.200000000000001,3.0021011266294204,0.304283083108754,4.0
8.3,3.0334117550099986,0.3025877692711598,4.0
8.4,3.0645352682648825,0.30087309404587836,4.0
8.5,3.0954697465491696,0.29913911431318796,4.0
8.6,3.1262132816785253,0.29738588842062474,4.0
8.700000000000001,3.1567639772468885,0.29561347620639417,4.0
8.8,3.1871199487434487,0.2938219390227273,4.0
8.9,3.217279323668895,0.2920113397591673,4.0
9.0,3.2472402416509185,0.2901817428657699,4.0
9.1,3.277000854558969,0.2883332143762022,4.0
9.200000000000001,3.3065593266182596,0.2864658219307228,4.0
9.3,3.3359138345229984,0.284579634799028,4.0
9.4,3.3650625675488666,0.2826747239029444,4.0
9.5,3.3940037276647086,0.2807511618389543,4.0
9.600000000000001,3.4227355296434436,0.27880902290053317,4.0
9.700000000000001,3.451256201172186,0.27684838310028315,4.0
9.8,3.4795639829615714,0.27486932019184485,4.0
9.9,3.5076571288542784,0.2728719136915671,4.0
10.0,3.5355339059327378,0.2708562448999192,4.0
10.100000000000001,3.5631925946260274,0.26882239692262394,4.0
10.200000000000001,3.5906314888159447,0.26677045469149463,4.0
10.3,3.617848895942247,0.26470050498495595,4.0
10.4,3.644843137107058,0.26261263644822913,4.0
10.5,3.6716125471784276,0.26050693961316296,4.0
10.600000000000001,3.6981554748930483,0.2583835069176896,4.0
10.700000000000001,3.7244702829581104,0.2562424327248862,4.0
10.8,3.750555348152298,0.25408381334162283,4.0
10.9,3.7764090614259183,0.25190774703677443,4.0
11.0,3.8020298280001548,0.24971433405897955,4.0
11.100000000000001,3.8274160674654407,0.24750367665392323,4.0
11.200000000000001,3.852566213878946,0.24527587908112494,4.0
11.3,3.877478715861172,0.24303104763021027,4.0
11.4,3.9021520366916485,0.240769290636647,4.0
11.5,3.9265846544037246,0.23849071849692366,4.0
11.600000000000001,3.950775061878452,0.2361954436831517,4.0
11.700000000000001,3.9747217669375505,0.2338835807570695,4.0
11.8,3.998423292435453,0.23155524638342861,4.0
11.9,4.021878176350422,0.22921055934274165,4.0
12.0,4.045084971874737,0.22684964054337167,4.0
12.100000000000001,4.068042247503935,0.22447261303294286,4.0
12.200000000000001,4.090748587125118,0.22207960200905277,4.0
12.3,4.113202590104299,0.21967073482926633,4.0
12.4,4.1354028713728095,0.21724614102037154,4.0
12.5,4.157348061512726,0.2148059522868782,4.0
12.600000000000001,4.179036806841351,0.21235030251874004,4.0
12.700000000000001,4.2004677694947095,0.20987932779828192,4.0
12.8,4.221639627510076,0.20739316640631256,4.0
12.9,4.242551074907518,0.2048919588274058,4.0
13.0,4.263200821770461,0.20237584775433168,4.0
13.100000000000001,4.283587594325249,0.19984497809161986,4.0
13.200000000000001,4.303710135019719,0.19729949695823934,4.0
13.3,4.323567202600776,0.19473955368937582,4.0
13.4,4.3431575721909566,0.1921652998372924,4.0
13.5,4.362480035363985,0.18957688917125745,4.0
13.600000000000001,4.381533400219318,0.1869744776765235,4.0
13.700000000000001,4.400316491455659,0.18435822355234402,4.0
13.8,4.418828150443467,0.1817282872090125,4.0
13.9,4.437067235296416,0.17908483126391178,4.0
14.0,4.455032620941839,0.17642802053655995,4.0
14.100000000000001,4.472723199190126,0.1737580220426409,4.0
14.200000000000001,4.490137878803078,0.17107500498700817,4.0
14.3,4.507275585561229,0.16837914075565075,4.0
14.4,4.524135262330098,0.16567060290661195,4.0
14.5,4.540715869125406,0.16294956715985098,4.0
14.600000000000001,4.557016383177227,0.16021621138603917,4.0
14.700000000000001,4.573035798993068,0.15747071559428386,4.0
14.8,4.588773128419906,0.1547132619187711,4.0
14.9,4.604227400705131,0.15194403460432424,4.0
15.0,4.619397662556434,0.1491632199908706,4.0
15.100000000000001,4.634282978200605,0.1463710064968135,4.0
15.200000000000001,4.648882429441257,0.14356758460130634,4.0
15.3,4.663195115715471,0.14075314682542547,4.0
15.4,4.677220154149336,0.13792788771224201,4.0
15.5,4.6909566796124205,0.1350920038057908,4.0
15.600000000000001,4.704403844771128,0.1322456936289384,4.0
15.700000000000001,4.717560820140968,0.12938915766015086,4.0
15.8,4.730426794137727,0.12652259830916412,4.0
15.9,4.743000973127523,0.12364621989156133,4.0
16.0,4.755282581475767,0.12076022860226125,4.0
16.1,4.767270861595007,0.11786483248792377,4.0
16.2,4.7789650739916505,0.11496024141827971,4.0
16.3,4.790364497311596,0.11204666705639155,4.0
16.400000000000002,4.801468428384716,0.10912432282785715,4.0
16.5,4.812276182268237,0.1061934238889628,4.0
16.6,4.822787092288991,0.10325418709379888,4.0
16.7,4.833000510084537,0.10030683096035181,4.0
16.8,4.842915805643155,0.09735157563558135,4.0
16.900000000000002,4.852532367342713,0.09438864285950307,4.0
17.0,4.861849601988383,0.09141825592828715,4.0
17.1,4.870866934849246,0.0884406396563916,4.0
17.2,4.879583809693736,0.08545602033774961,4.0
17.3,4.887999688823953,0.08246462570602521,4.0
17.400000000000002,4.896114053108829,0.07946668489396216,4.0
17.5,4.903926402016152,0.07646242839184253,4.0
17.6,4.911436253643443,0.07345208800507855,4.0
17.7,4.918643144747679,0.07043589681096205,4.0
17.8,4.92554663077387,0.06741408911459097,4.0
17.900000000000002,4.932146285882478,0.06438690040400286,4.0
18.0,4.938441702975689,0.06135456730453632,4.0
18.1,4.944432493722523,0.058317327532449226,4.0
18.2,4.950118288582788,0.055275419847822096,4.0
18.3,4.955498736829874,0.052229084006771016,4.0
18.400000000000002,4.9605735065723895,0.0491785607130042,4.0
18.5,4.965342284774631,0.04612409156874761,4.0
18.6,4.969804777275899,0.043065919025072064,4.0
18.7,4.973960708808632,0.040004286331654725,4.0
18.8,4.9778098230154,0.036939437486002806,4.0
18.900000000000002,4.981351882464706,0.03387161718217723,4.0
19.0,4.9845866686656395,0.030801070759045177,4.0
19.1,4.987513982081351,0.027728044148097052,4.0
19.200000000000003,4.990133642141358,0.024652783820864034,4.0
19.3,4.99244548725269,0.02157553673596717,4.0
19.400000000000002,4.99444937480985,0.01849655028583682,4.0
19.5,4.996145181203614,0.015416072243136842,4.0
19.6,4.997532801828658,0.012334350706928341,4.0
19.700000000000003,4.998612151090002,0.009251634048612803,4.0
19.8,4.999383162408303,0.006168170857687074,4.0
19.900000000000002,4.999845788223948,0.003084209887350489,4.0
20.0,5.0,2.4045883671522372e-17,4.0
20.1,4.999845788223948,-0.003084209887350616,4.0
20.200000000000003,4.999383162408303,-0.006168170857687113,4.0
20.3,4.998612151090002,-0.009251634048612843,4.0
20.400000000000002,4.997532801828658,-0.01233435070692847,4.0
20.5,4.996145181203614,-0.015416072243136797,4.0
20.6,4.99444937480985,-0.018496550285836945,4.0
20.700000000000003,4.99244548725269,-0.021575536735967207,4.0
20.8,4.990133642141358,-0.024652783820864072,4.0
20.900000000000002,4.98751398208135,-0.027728044148097177,4.0
21.0,4.9845866686656395,-0.03080107075904513,4.0
21.1,4.981351882464706,-0.03387161718217736,4.0
21.200000000000003,4.9778098230154,-0.03693943748600284,4.0
21.3,4.973960708808632,-0.040004286331654676,4.0
21.400000000000002,4.969804777275899,-0.04306591902507219,4.0
21.5,4.965342284774631,-0.04612409156874756,4.0
21.6,4.960573506572389,-0.04917856071300433,4.0
21.700000000000003,4.955498736829874,-0.05222908400677105,4.0
21.8,4.950118288582788,-0.055275419847822055,4.0
21.900000000000002,4.944432493722522,-0.05831732753244936,4.0
22.0,4.938441702975689,-0.06135456730453628,4.0
22.1,4.932146285882477,-0.06438690040400297,4.0
22.200000000000003,4.925546630773869,-0.067414089114591,4.0
22.3,4.918643144747679,-0.07043589681096199,4.0
22.400000000000002,4.911436253643443,-0.07345208800507867,4.0
22.5,4.903926402016152,-0.07646242839184247,4.0
22.6,4.896114053108828,-0.07946668489396227,4.0
22.700000000000003,4.887999688823953,-0.08246462570602525,4.0
22.8,4.879583809693737,-0.08545602033774956,4.0
22.900000000000002,4.870866934849246,-0.0884406396563917,4.0
23.0,4.861849601988383,-0.09141825592828709,4.0
23.1,4.852532367342713,-0.0943886428595032,4.0
23.200000000000003,4.842915805643155,-0.09735157563558139,4.0
23.3,4.833000510084537,-0.10030683096035177,4.0
23.400000000000002,4.822787092288991,-0.10325418709379901,4.0
23.5,4.812276182268237,-0.10619342388896276,4.0
23.6,4.801468428384715,-0.10912432282785725,4.0
23.700000000000003,4.790364497311596,-0.11204666705639159,4.0
23.8,4.7789650739916505,-0.11496024141827964,4.0
23.900000000000002,4.767270861595006,-0.1178648324879239,4.0
24.0,4.755282581475768,-0.12076022860226121,4.0
24.1,4.743000973127523,-0.12364621989156135,4.0
24.200000000000003,4.730426794137727,-0.12652259830916415,4.0
24.3,4.717560820140968,-0.1293891576601509,4.0
24.400000000000002,4.704403844771127,-0.13224569362893848,4.0
24.5,4.6909566796124205,-0.13509200380579076,4.0
24.6,4.677220154149336,-0.13792788771224204,4.0
24.700000000000003,4.663195115715471,-0.14075314682542553,4.0
24.8,4.648882429441257,-0.1435675846013064,4.0
24.900000000000002,4.634282978200604,-0.14637100649681362,4.0
25.0,4.619397662556434,-0.14916321999087057,4.0
25.1,4.604227400705131,-0.15194403460432426,4.0
25.200000000000003,4.588773128419906,-0.15471326191877113,4.0
25.3,4.573035798993067,-0.15747071559428388,4.0
25.400000000000002,4.557016383177226,-0.16021621138603928,4.0
25.5,4.540715869125408,-0.16294956715985084,4.0
25.6,4.524135262330097,-0.16567060290661195,4.0
25.700000000000003,4.507275585561229,-0.16837914075565077,4.0
25.8,4.490137878803078,-0.1710750049870082,4.0
25.900000000000002,4.472723199190126,-0.17375802204264096,4.0
26.0,4.455032620941839,-0.17642802053655995,4.0
26.1,4.437067235296416,-0.17908483126391173,4.0
26.200000000000003,4.418828150443466,-0.1817282872090126,4.0
26.3,4.40031649145566,-0.184358223552344,4.0
26.400000000000002,4.381533400219317,-0.18697447767652361,4.0
26.5,4.362480035363985,-0.1895768891712575,4.0
26.6,4.343157572190956,-0.19216529983729244,4.0
26.700000000000003,4.323567202600776,-0.19473955368937582,4.0
26.8,4.303710135019719,-0.1972994969582394,4.0
26.900000000000002,4.283587594325248,-0.19984497809161988,4.0
27.0,4.263200821770462,-0.20237584775433162,4.0
27.1,4.242551074907518,-0.20489195882740577,4.0
27.200000000000003,4.221639627510075,-0.20739316640631267,4.0
27.3,4.20046776949471,-0.20987932779828186,4.0
27.400000000000002,4.179036806841351,-0.21235030251874012,4.0
27.5,4.157348061512726,-0.21480595228687807,4.0
27.6,4.135402871372809,-0.2172461410203716,4.0
27.700000000000003,4.113202590104299,-0.21967073482926638,4.0
27.8,4.090748587125117,-0.2220796020090528,4.0
27.900000000000002,4.068042247503935,-0.22447261303294286,4.0
28.0,4.045084971874737,-0.22684964054337164,4.0
28.1,4.021878176350423,-0.22921055934274162,4.0
28.200000000000003,3.9984232924354517,-0.23155524638342867,4.0
28.3,3.9747217669375514,-0.23388358075706944,4.0
28.400000000000002,3.9507750618784514,-0.23619544368315173,4.0
28.5,3.926584654403724,-0.2384907184969237,4.0
28.6,3.9021520366916485,-0.240769290636647,4.0
28.700000000000003,3.877478715861172,-0.24303104763021033,4.0
28.8,3.852566213878946,-0.24527587908112494,4.0
28.900000000000002,3.8274160674654407,-0.24750367665392323,4.0
29.0,3.8020298280001548,-0.2497143340589795,4.0
29.1,3.7764090614259183,-0.25190774703677443,4.0
29.200000000000003,3.7505553481522966,-0.25408381334162294,4.0
29.3,3.7244702829581113,-0.2562424327248862,4.0
29.400000000000002,3.698155474893048,-0.25838350691768963,4.0
29.5,3.6716125471784284,-0.26050693961316285,4.0
29.6,3.644843137107057,-0.26261263644822913,4.0
29.700000000000003,3.6178488959422466,-0.264700504984956,4.0
29.8,3.5906314888159443,-0.2667704546914947,4.0
29.900000000000002,3.5631925946260274,-0.26882239692262394,4.0
30.0,3.5355339059327378,-0.2708562448999192,4.0
30.1,3.5076571288542793,-0.27287191369156705,4.0
30.200000000000003,3.4795639829615705,-0.27486932019184496,4.0
30.3,3.4512562011721863,-0.27684838310028315,4.0
30.400000000000002,3.4227355296434423,-0.2788090229005332,4.0
30.5,3.3940037276647086,-0.2807511618389543,4.0
30.6,3.3650625675488666,-0.2826747239029444,4.0
30.700000000000003,3.3359138345229984,-0.284579634799028,4.0
30.8,3.306559326618259,-0.2864658219307228,4.0
30.900000000000002,3.2770008545589695,-0.28833321437620213,4.0
31.0,3.247240241650919,-0.2901817428657699,4.0
31.1,3.2172793236688952,-0.2920113397591673,4.0
31.200000000000003,3.1871199487434474,-0.2938219390227274,4.0
31.3,3.1567639772468894,-0.29561347620639417,4.0
31.400000000000002,3.1262132816785253,-0.29738588842062474,4.0
31.5,3.095469746549171,-0.29913911431318785,4.0
31.6,3.0645352682648817,-0.30087309404587836,4.0
31.700000000000003,3.033411755009998,-0.3025877692711598,4.0
31.8,3.00210112662942,-0.304283083108754,4.0
31.900000000000002,2.970605314510193,-0.3059589801221904,4.0
32.0,2.9389262614623664,-0.30761540629533063,4.0
32.1,2.9070659215991537,-0.3092523090088837,4.0
32.2,2.8750262602163916,-0.3108696370169246,4.0
32.300000000000004,2.842809253671319,-0.31246734042343105,4.0
32.4,2.810416889260654,-0.3140453706588525,4.0
32.5,2.777851165098011,-0.3156036804567236,4.0
32.6,2.7451140899906585,-0.31714222383033414,4.0
32.7,2.7122076833155937,-0.3186609560494722,4.0
32.800000000000004,2.679133974894981,-0.3201598336172473,4.0
32.9,2.6458950048709533,-0.32163881424700963,4.0
33.0,2.6124928235797444,-0.3230978568393758,4.0
33.1,2.578929491425238,-0.32453692145937085,4.0
33.2,2.5452070787518553,-0.32595596931370074,4.0
33.300000000000004,2.5113276657168617,-0.32735496272816306,4.0
33.4,2.4772933421620387,-0.3287338651252082,4.0
33.5,2.4431062074847762,-0.3300926410016607,4.0
33.6,2.408768370508576,-0.33143125590660927,4.0
33.7,2.374281949352973,-0.3327496764194776,4.0
33.800000000000004,2.339649071302865,-0.3340478701282829,4.0
33.9,2.304871872677312,-0.33532580560809166,4.0
34.0,2.269952498697734,-0.3365834523996829,4.0
34.1,2.2348931033556063,-0.3378207809884237,4.0
34.2,2.1996958492795744,-0.3390377627833698,4.0
34.300000000000004,2.1643629076020687,-0.3402343700965941,4.0
34.4,2.1288964578253644,-0.3414105761227554,4.0
34.5,2.09329868768714,-0.3425663549189112,4.0
34.6,2.0575717930255437,-0.34370168138458207,4.0
34.7,2.021717977643725,-0.3448165312420768,4.0
34.800000000000004,1.9857394531739012,-0.3459108810170816,4.0
34.9,1.9496384389409416,-0.34698470801952186,4.0
35.0,1.9134171618254494,-0.34803799032470184,4.0
35.1,1.8770778561264159,-0.34907070675472757,4.0
35.2,1.8406227634233887,-0.3500828368602193,4.0
35.300000000000004,1.8040541324382082,-0.35107436090231886,4.0
35.4,1.767374218896287,-0.3520452598349964,4.0
35.5,1.7305852853874666,-0.3529955152876624,4.0
35.6,1.6936896012264566,-0.3539251095480883,4.0
35.7,1.6566894423128549,-0.3548340255456424,4.0
35.800000000000004,1.619587090990745,-0.3557222468348429,4.0
35.9,1.5823848359079309,-0.3565897575792341,4.0
36.0,1.5450849718747375,-0.35743654253558976,4.0
36.1,1.5076897997224792,-0.35826258703844516,4.0
36.2,1.4702016261615185,-0.3590678769849644,4.0
36.300000000000004,1.4326227636389905,-0.3598523988201449,4.0
36.4,1.3949555301961478,-0.36061613952236227,4.0
36.5,1.3572022493253708,-0.3613590865892595,4.0
36.6,1.319365249826864,-0.3620812280239824,4.0
36.7,1.2814468656649831,-0.36278255232176515,4.0
36.800000000000004,1.2434494358242718,-0.36346304845686855,4.0
36.9,1.2053753041651936,-0.36412270586987266,4.0
37.0,1.1672268192795276,-0.3647615144553271,4.0
37.1,1.1290063343455192,-0.36537946454976156,4.0
37.2,1.0907162069827117,-0.3659765469200574,4.0
37.300000000000004,1.0523587991065273,-0.3665527527521842,4.0
37.4,1.0139364767825638,-0.36710807364030157,4.0
37.5,0.9754516100806431,-0.3676425015762295,4.0
37.6,0.9369065729286229,-0.3681560289392877,4.0
37.7,0.8983037429659626,-0.3686486484865067,4.0
37.800000000000004,0.8596455013970457,-0.3691203533432114,4.0
37.9,0.820934232844315,-0.3695711369939793,4.0
38.0,0.7821723252011549,-0.3700009932739745,4.0
38.1,0.7433621694846158,-0.3704099163606578,4.0
38.2,0.7045061596879121,-0.37079790076587626,4.0
38.300000000000004,0.6656066926327608,-0.37116494132833094,4.0
38.400000000000006,0.6266661678215204,-0.371511033206426,4.0
38.5,0.5876869872891878,-0.3718361718714983,4.0
38.6,0.5486715554552261,-0.3721403531014302,4.0
38.7,0.5096222789752501,-0.37242357297464423,4.0
38.800000000000004,0.4705415665925695,-0.3726858278644833,4.0
38.900000000000006,0.4314318289896151,-0.37292711443397386,4.0
39.0,0.3922954786392253,-0.37314742963097614,4.0
39.1,0.3531349296558342,-0.37334677068371835,4.0
39.2,0.3139525976465657,-0.37352513509671914,4.0
39.300000000000004,0.2747508995622278,-0.3736825206470958,4.0
39.400000000000006,0.23553225354821256,-0.3738189253812604,4.0
39.5,0.19629907879534475,-0.3739343476120036,4.0
39.6,0.15705379539064118,-0.37402878591596694,4.0
39.7,0.11779882416805071,-0.3741022391315026,4.0
39.800000000000004,0.07853658655910133,-0.374154706356923,4.0
39.900000000000006,0.03926950444355484,-0.37418618694913863,4.0
40.0,6.123233995736766e-16,-0.3741966805226849,4.0
40.1,-0.03926950444355583,-0.37418618694913863,4.0
40.2,-0.07853658655910453,-0.374154706356923,4.0
40.300000000000004,-0.11779882416805171,-0.3741022391315026,4.0
40.400000000000006,-0.15705379539064218,-0.37402878591596694,4.0
40.5,-0.19629907879534353,-0.3739343476120036,4.0
40.6,-0.23553225354821355,-0.3738189253812604,4.0
40.7,-0.27475089956222876,-0.3736825206470958,4.0
40.800000000000004,-0.3139525976465689,-0.37352513509671914,4.0
40.900000000000006,-0.35313492965583526,-0.37334677068371835,4.0
41.0,-0.3922954786392241,-0.37314742963097614,4.0
41.1,-0.431431828989616,-0.37292711443397386,4.0
41.2,-0.47054156659257274,-0.37268582786448323,4.0
41.300000000000004,-0.5096222789752511,-0.37242357297464423,4.0
41.400000000000006,-0.5486715554552271,-0.3721403531014302,4.0
41.5,-0.5876869872891864,-0.3718361718714983,4.0
41.6,-0.6266661678215214,-0.371511033206426,4.0
41.7,-0.6656066926327618,-0.37116494132833094,4.0
41.800000000000004,-0.7045061596879153,-0.3707979007658762,4.0
41.900000000000006,-0.7433621694846169,-0.3704099163606578,4.0
42.0,-0.7821723252011537,-0.37000099327397457,4.0
42.1,-0.8209342328443138,-0.36957113699397937,4.0
42.2,-0.8596455013970489,-0.36912035334321136,4.0
42.300000000000004,-0.8983037429659636,-0.36864864848650664,4.0
42.400000000000006,-0.9369065729286239,-0.3681560289392877,4.0
42.5,-0.9754516100806419,-0.3676425015762295,4.0
42.6,-1.0139364767825625,-0.36710807364030157,4.0
42.7,-1.0523587991065284,-0.3665527527521842,4.0
42.800000000000004,-1.0907162069827148,-0.3659765469200573,4.0
42.900000000000006,-1.1290063343455201,-0.3653794645497615,4.0
43.0,-1.1672268192795263,-0.3647615144553271,4.0
43.1,-1.2053753041651925,-0.36412270586987266,4.0
43.2,-1.2434494358242751,-0.3634630484568685,4.0
43.300000000000004,-1.281446865664984,-0.36278255232176515,4.0
43.400000000000006,-1.319365249826865,-0.3620812280239824,4.0
43.5,-1.3572022493253697,-0.3613590865892596,4.0
43.6,-1.3949555301961465,-0.3606161395223623,4.0
43.7,-1.4326227636389914,-0.3598523988201449,4.0
43.800000000000004,-1.4702016261615216,-0.35906787698496434,4.0
43.900000000000006,-1.50768979972248,-0.3582625870384451,4.0
44.0,-1.5450849718747364,-0.3574365425355898,4.0
44.1,-1.5823848359079296,-0.35658975757923417,4.0
44.2,-1.6195870909907482,-0.3557222468348428,4.0
44.300000000000004,-1.6566894423128558,-0.35483402554564236,4.0
44.400000000000006,-1.6936896012264575,-0.3539251095480883,4.0
44.5,-1.7305852853874653,-0.3529955152876624,4.0
44.6,-1.7673742188962858,-0.3520452598349964,4.0
44.7,-1.804054132438209,-0.3510743609023188,4.0
44.800000000000004,-1.8406227634233916,-0.35008283686021924,4.0
44.900000000000006,-1.877077856126417,-0.3490707067547275,4.0
45.0,-1.9134171618254483,-0.3480379903247019,4.0
45.1,-1.9496384389409405,-0.34698470801952186,4.0
45.2,-1.9857394531739039,-0.3459108810170815,4.0
45.300000000000004,-2.0217179776437257,-0.34481653124207673,4.0
45.400000000000006,-2.057571793025544,-0.343701681384582,4.0
45.5,-2.0932986876871387,-0.3425663549189112,4.0
45.6,-2.1288964578253635,-0.34141057612275544,4.0
45.7,-2.1643629076020696,-0.340234370096594,4.0
45.800000000000004,-2.1996958492795775,-0.33903776278336967,4.0
45.900000000000006,-2.234893103355607,-0.3378207809884237,4.0
46.0,-2.2699524986977333,-0.3365834523996829,4.0
46.1,-2.304871872677311,-0.3353258056080917,4.0
46.2,-2.3396490713028677,-0.3340478701282828,4.0
46.300000000000004,-2.374281949352974,-0.33274967641947756,4.0
46.400000000000006,-2.408768370508577,-0.33143125590660927,4.0
46.5,-2.443106207484775,-0.3300926410016607,4.0
46.6,-2.477293342162038,-0.32873386512520825,4.0
46.7,-2.5113276657168626,-0.327354962728163,4.0
46.800000000000004,-2.5452070787518584,-0.32595596931370063,4.0
46.900000000000006,-2.5789294914252388,-0.3245369214593708,4.0
47.0,-2.6124928235797436,-0.3230978568393758,4.0
47.1,-2.6458950048709524,-0.32163881424700974,4.0
47.2,-2.6791339748949836,-0.3201598336172472,4.0
47.300000000000004,-2.7122076833155946,-0.31866095604947214,4.0
47.400000000000006,-2.745114089990659,-0.31714222383033414,4.0
47.5,-2.77785116509801,-0.31560368045672366,4.0
47.6,-2.8104168892606527,-0.3140453706588526,4.0
47.7,-2.8428092536713194,-0.31246734042343105,4.0
47.800000000000004,-2.8750262602163943,-0.3108696370169244,4.0
47.900000000000006,-2.9070659215991546,-0.3092523090088837,4.0
48.0,-2.938926261462365,-0.30761540629533063,4.0
48.1,-2.970605314510192,-0.30595898012219047,4.0
48.2,-3.0021011266294213,-0.30428308310875396,4.0
48.300000000000004,-3.0334117550099995,-0.30258776927115977,4.0
48.400000000000006,-3.064535268264883,-0.30087309404587836,4.0
48.5,-3.0954697465491705,-0.2991391143131879,4.0
48.6,-3.1262132816785257,-0.2973858884206247,4.0
48.7,-3.1567639772468885,-0.29561347620639417,4.0
48.800000000000004,-3.18711994874345,-0.29382193902272724,4.0
48.900000000000006,-3.217279323668896,-0.29201133975916727,4.0
49.0,-3.2472402416509176,-0.2901817428657699,4.0
49.1,-3.277000854558969,-0.2883332143762022,4.0
49.2,-3.3065593266182605,-0.2864658219307228,4.0
49.300000000000004,-3.335913834522999,-0.2845796347990279,4.0
49.400000000000006,-3.365062567548867,-0.2826747239029444,4.0
49.5,-3.3940037276647073,-0.28075116183895443,4.0
49.6,-3.4227355296434436,-0.27880902290053317,4.0
49.7,-3.451256201172186,-0.2768483831002832,4.0
49.800000000000004,-3.4795639829615728,-0.27486932019184473,4.0
49.900000000000006,-3.5076571288542797,-0.272871913691567,4.0
50.0,-3.5355339059327373,-0.2708562448999193,4.0
50.1,-3.563192594626026,-0.26882239692262394,4.0
50.2,-3.5906314888159447,-0.26677045469149463,4.0
50.300000000000004,-3.617848895942247,-0.26470050498495595,4.0
50.400000000000006,-3.644843137107058,-0.26261263644822913,4.0
50.5,-3.6716125471784276,-0.2605069396131629,4.0
50.6,-3.6981554748930483,-0.2583835069176896,4.0
50.7,-3.72447028295811,-0.2562424327248863,4.0
50.800000000000004,-3.7505553481522993,-0.2540838133416228,4.0
50.900000000000006,-3.7764090614259196,-0.2519077470367744,4.0
51.0,-3.802029828000153,-0.2497143340589797,4.0
51.1,-3.82741606746544,-0.24750367665392334,4.0
51.2,-3.852566213878947,-0.2452758790811249,4.0
51.300000000000004,-3.877478715861174,-0.24303104763021013,4.0
51.400000000000006,-3.902152036691649,-0.24076929063664698,4.0
51.5,-3.9265846544037237,-0.23849071849692377,4.0
51.6,-3.950775061878452,-0.2361954436831517,4.0
51.7,-3.974721766937552,-0.23388358075706941,4.0
51.800000000000004,-3.9984232924354526,-0.23155524638342864,4.0
51.900000000000006,-4.021878176350423,-0.22921055934274157,4.0
52.0,-4.045084971874736,-0.22684964054337173,4.0
52.1,-4.068042247503936,-0.22447261303294275,4.0
52.2,-4.090748587125116,-0.22207960200905286,4.0
52.300000000000004,-4.1132025901043,-0.2196707348292663,4.0
52.400000000000006,-4.135402871372811,-0.21724614102037137,4.0
52.5,-4.157348061512726,-0.21480595228687815,4.0
52.6,-4.17903680684135,-0.2123503025187402,4.0
52.7,-4.2004677694947095,-0.20987932779828194,4.0
52.800000000000004,-4.2216396275100765,-0.20739316640631247,4.0
52.900000000000006,-4.242551074907518,-0.20489195882740585,4.0
53.0,-4.263200821770462,-0.20237584775433154,4.0
53.1,-4.2835875943252475,-0.19984497809161997,4.0
53.2,-4.303710135019719,-0.1972994969582393,4.0
53.300000000000004,-4.323567202600777,-0.1947395536893756,4.0
53.400000000000006,-4.3431575721909566,-0.19216529983729236,4.0
53.5,-4.362480035363985,-0.18957688917125756,4.0
53.6,-4.381533400219318,-0.18697447767652356,4.0
53.7,-4.400316491455661,-0.1843582235523439,4.0
53.800000000000004,-4.418828150443467,-0.18172828720901252,4.0
53.900000000000006,-4.437067235296417,-0.17908483126391167,4.0
54.0,-4.455032620941839,-0.17642802053656,4.0
54.1,-4.472723199190126,-0.17375802204264088,4.0
54.2,-4.490137878803077,-0.17107500498700828,4.0
54.300000000000004,-4.507275585561229,-0.16837914075565072,4.0
54.400000000000006,-4.524135262330099,-0.16567060290661176,4.0
54.5,-4.540715869125407,-0.16294956715985093,4.0
54.6,-4.557016383177225,-0.16021621138603936,4.0
54.7,-4.573035798993067,-0.15747071559428388,4.0
54.800000000000004,-4.5887731284199065,-0.154713261918771,4.0
54.900000000000006,-4.604227400705131,-0.15194403460432426,4.0
55.0,-4.619397662556432,-0.1491632199908708,4.0
55.1,-4.634282978200604,-0.14637100649681362,4.0
55.2,-4.648882429441257,-0.1435675846013063,4.0
55.300000000000004,-4.663195115715472,-0.14075314682542528,4.0
55.400000000000006,-4.677220154149337,-0.137927887712242,4.0
55.5,-4.6909566796124205,-0.13509200380579095,4.0
55.6,-4.704403844771127,-0.13224569362893845,4.0
55.7,-4.717560820140968,-0.12938915766015074,4.0
55.800000000000004,-4.730426794137727,-0.12652259830916418,4.0
55.900000000000006,-4.743000973127524,-0.1236462198915612,4.0
56.0,-4.755282581475767,-0.12076022860226131,4.0
56.1,-4.767270861595007,-0.11786483248792373,4.0
56.2,-4.77896507399165,-0.11496024141827975,4.0
56.300000000000004,-4.790364497311596,-0.11204666705639152,4.0
56.400000000000006,-4.801468428384716,-0.10912432282785703,4.0
56.5,-4.812276182268237,-0.10619342388896276,4.0
56.6,-4.82278709228899,-0.1032541870937991,4.0
56.7,-4.833000510084537,-0.10030683096035177,4.0
56.800000000000004,-4.842915805643156,-0.09735157563558122,4.0
56.900000000000006,-4.852532367342713,-0.09438864285950321,4.0
57.0,-4.861849601988383,-0.09141825592828702,4.0
57.1,-4.870866934849246,-0.08844063965639172,4.0
57.2,-4.879583809693737,-0.08545602033774949,4.0
57.300000000000004,-4.887999688823954,-0.082464625706025,4.0
57.400000000000006,-4.896114053108828,-0.0794666848939622,4.0
57.5,-4.903926402016151,-0.07646242839184265,4.0
57.6,-4.911436253643443,-0.07345208800507859,4.0
57.7,-4.91864314474768,-0.07043589681096182,4.0
57.800000000000004,-4.925546630773869,-0.06741408911459101,4.0
57.900000000000006,-4.932146285882478,-0.0643869004040028,4.0
58.0,-4.938441702975688,-0.06135456730453637,4.0
58.1,-4.944432493722523,-0.0583173275324492,4.0
58.2,-4.950118288582788,-0.05527541984782214,4.0
58.300000000000004,-4.955498736829874,-0.052229084006770975,4.0
58.400000000000006,-4.9605735065723895,-0.04917856071300408,4.0
58.5,-4.965342284774631,-0.046124091568747576,4.0
58.6,-4.969804777275898,-0.043065919025072286,4.0
58.7,-4.973960708808632,-0.04000428633165468,4.0
58.800000000000004,-4.9778098230154,-0.03693943748600268,4.0
58.900000000000006,-4.981351882464706,-0.03387161718217737,4.0
59.0,-4.9845866686656395,-0.030801070759045403,4.0
59.1,-4.98751398208135,-0.027728044148097188,4.0
59.2,-4.990133642141358,-0.024652783820863996,4.0
59.300000000000004,-4.99244548725269,-0.021575536735966957,4.0
59.400000000000006,-4.99444937480985,-0.018496550285836865,4.0
59.5,-4.996145181203614,-0.015416072243136979,4.0
59.6,-4.997532801828658,-0.01233435070692839,4.0
59.7,-4.998612151090002,-0.009251634048612676,4.0
59.800000000000004,-4.999383162408303,-0.006168170857687122,4.0
59.900000000000006,-4.999845788223948,-0.00308420988735045,4.0
60.0,-5.0,-7.213765101456712e-17,4.0
60.1,-4.999845788223948,0.003084209887350655,4.0
60.2,-4.999383162408303,0.006168170857686977,4.0
60.300000000000004,-4.998612151090002,0.009251634048612881,4.0
60.400000000000006,-4.997532801828657,0.012334350706928593,4.0
60.5,-4.996145181203614,0.015416072243136835,4.0
60.6,-4.99444937480985,0.018496550285836723,4.0
60.7,-4.99244548725269,0.02157553673596716,4.0
60.800000000000004,-4.990133642141358,0.0246527838208642,4.0
60.900000000000006,-4.987513982081351,0.027728044148097042,4.0
61.0,-4.9845866686656395,0.03080107075904526,4.0
61.1,-4.981351882464706,0.033871617182177224,4.0
61.2,-4.9778098230154,0.03693943748600288,4.0
61.300000000000004,-4.973960708808632,0.040004286331654884,4.0
61.400000000000006,-4.969804777275899,0.04306591902507215,4.0
61.5,-4.965342284774631,0.04612409156874744,4.0
61.6,-4.9605735065723895,0.04917856071300428,4.0
61.7,-4.955498736829874,0.05222908400677118,4.0
61.800000000000004,-4.950118288582788,0.055275419847822,4.0
61.900000000000006,-4.944432493722522,0.05831732753244939,4.0
62.0,-4.938441702975689,0.06135456730453622,4.0
62.1,-4.932146285882477,0.06438690040400301,4.0
62.2,-4.92554663077387,0.06741408911459087,4.0
62.300000000000004,-4.918643144747679,0.07043589681096203,4.0
62.400000000000006,-4.911436253643443,0.07345208800507878,4.0
62.5,-4.903926402016152,0.07646242839184252,4.0
62.6,-4.896114053108829,0.07946668489396207,4.0
62.7,-4.887999688823953,0.08246462570602521,4.0
62.800000000000004,-4.879583809693736,0.0854560203377497,4.0
62.900000000000006,-4.870866934849246,0.0884406396563916,4.0
63.0,-4.861849601988384,0.09141825592828688,4.0
63.1,-4.852532367342713,0.09438864285950307,4.0
63.2,-4.842915805643155,0.09735157563558142,4.0
63.300000000000004,-4.833000510084536,0.10030683096035196,4.0
63.400000000000006,-4.822787092288991,0.10325418709379897,4.0
63.5,-4.812276182268237,0.10619342388896263,4.0
63.6,-4.801468428384715,0.10912432282785722,4.0
63.7,-4.790364497311596,0.1120466670563917,4.0
63.800000000000004,-4.7789650739916505,0.1149602414182796,4.0
63.900000000000006,-4.767270861595006,0.11786483248792391,4.0
64.0,-4.755282581475768,0.12076022860226117,4.0
64.10000000000001,-4.743000973127523,0.1236462198915614,4.0
64.2,-4.730426794137727,0.126522598309164,4.0
64.3,-4.717560820140969,0.1293891576601506,4.0
64.4,-4.704403844771127,0.13224569362893862,4.0
64.5,-4.6909566796124205,0.1350920038057908,4.0
64.60000000000001,-4.677220154149336,0.13792788771224218,4.0
64.7,-4.663195115715471,0.14075314682542547,4.0
64.8,-4.648882429441258,0.14356758460130617,4.0
64.9,-4.634282978200605,0.14637100649681348,4.0
65.0,-4.619397662556433,0.14916321999087068,4.0
65.10000000000001,-4.604227400705129,0.15194403460432446,4.0
65.2,-4.588773128419906,0.15471326191877116,4.0
65.3,-4.573035798993069,0.15747071559428377,4.0
65.4,-4.557016383177226,0.16021621138603925,4.0
65.5,-4.540715869125408,0.1629495671598508,4.0
65.60000000000001,-4.524135262330096,0.16567060290661226,4.0
65.7,-4.507275585561228,0.1683791407556509,4.0
65.8,-4.490137878803078,0.17107500498700817,4.0
65.9,-4.472723199190125,0.17375802204264107,4.0
66.0,-4.45503262094184,0.1764280205365599,4.0
66.10000000000001,-4.437067235296416,0.17908483126391184,4.0
66.2,-4.418828150443468,0.18172828720901238,4.0
66.3,-4.400316491455661,0.1843582235523438,4.0
66.4,-4.3815334002193165,0.18697447767652373,4.0
66.5,-4.362480035363985,0.18957688917125745,4.0
66.60000000000001,-4.343157572190955,0.19216529983729252,4.0
66.7,-4.323567202600776,0.1947395536893758,4.0
66.8,-4.3037101350197196,0.1972994969582392,4.0
66.9,-4.283587594325249,0.19984497809161986,4.0
67.0,-4.263200821770463,0.20237584775433146,4.0
67.10000000000001,-4.242551074907517,0.20489195882740602,4.0
67.2,-4.221639627510075,0.20739316640631264,4.0
67.3,-4.20046776949471,0.2098793277982818,4.0
67.4,-4.179036806841351,0.21235030251874007,4.0
67.5,-4.157348061512727,0.21480595228687802,4.0
67.60000000000001,-4.135402871372807,0.2172461410203718,4.0
67.7,-4.113202590104298,0.21967073482926647,4.0
67.8,-4.090748587125118,0.22207960200905277,4.0
67.9,-4.068042247503934,0.22447261303294294,4.0
68.0,-4.045084971874738,0.2268496405433716,4.0
68.10000000000001,-4.021878176350421,0.22921055934274173,4.0
68.2,-3.9984232924354535,0.23155524638342853,4.0
68.3,-3.9747217669375527,0.23388358075706928,4.0
68.4,-3.9507750618784505,0.23619544368315185,4.0
68.5,-3.9265846544037246,0.23849071849692366,4.0
68.60000000000001,-3.902152036691647,0.24076929063664712,4.0
68.7,-3.877478715861172,0.24303104763021027,4.0
68.8,-3.852566213878948,0.24527587908112478,4.0
68.9,-3.827416067465441,0.24750367665392317,4.0
69.0,-3.802029828000154,0.24971433405897964,4.0
69.10000000000001,-3.776409061425916,0.25190774703677465,4.0
69.2,-3.7505553481522975,0.2540838133416229,4.0
69.3,-3.7244702829581118,0.25624243272488617,4.0
69.4,-3.6981554748930483,0.2583835069176896,4.0
69.5,-3.671612547178429,0.26050693961316285,4.0
69.60000000000001,-3.6448431371070544,0.26261263644822935,4.0
69.7,-3.6178488959422457,0.264700504984956,4.0
69.8,-3.5906314888159447,0.26677045469149463,4.0
69.9,-3.563192594626026,0.268822396922624,4.0
70.0,-3.5355339059327386,0.27085624489991916,4.0
70.10000000000001,-3.507657128854278,0.2728719136915671,4.0
70.2,-3.4795639829615728,0.27486932019184473,4.0
70.3,-3.4512562011721886,0.27684838310028304,4.0
70.4,-3.4227355296434414,0.2788090229005333,4.0
70.5,-3.3940037276647086,0.2807511618389543,4.0
70.60000000000001,-3.365062567548865,0.28267472390294457,4.0
70.7,-3.335913834522999,0.284579634799028,4.0
70.8,-3.3065593266182614,0.2864658219307227,4.0
70.9,-3.2770008545589704,0.28833321437620213,4.0
71.0,-3.2472402416509203,0.29018174286576975,4.0
71.10000000000001,-3.217279323668892,0.2920113397591675,4.0
71.2,-3.1871199487434483,0.2938219390227274,4.0
71.3,-3.15676397724689,0.2956134762063941,4.0
71.4,-3.1262132816785257,0.29738588842062474,4.0
71.5,-3.0954697465491714,0.29913911431318785,4.0
71.60000000000001,-3.064535268264879,0.30087309404587853,4.0
71.7,-3.033411755009997,0.3025877692711599,4.0
71.8,-3.0021011266294204,0.304283083108754,4.0
71.9,-2.970605314510192,0.30595898012219047,4.0
72.0,-2.938926261462367,0.30761540629533063,4.0
72.10000000000001,-2.9070659215991523,0.30925230900888373,4.0
72.2,-2.875026260216394,0.31086963701692444,4.0
72.3,-2.842809253671323,0.31246734042343083,4.0
72.4,-2.810416889260651,0.3140453706588527,4.0
72.5,-2.777851165098011,0.31560368045672355,4.0
72.60000000000001,-2.7451140899906568,0.31714222383033425,4.0
72.7,-2.7122076833155937,0.31866095604947214,4.0
72.8,-2.6791339748949854,0.32015983361724715,4.0
72.9,-2.6458950048709537,0.32163881424700963,4.0
73.0,-2.6124928235797436,0.3230978568393758,4.0
73.10000000000001,-2.5789294914252348,0.32453692145937096,4.0
73.2,-2.545207078751856,0.32595596931370074,4.0
73.3,-2.5113276657168644,0.32735496272816295,4.0
73.4,-2.4772933421620373,0.3287338651252083,4.0
73.5,-2.4431062074847767,0.3300926410016607,4.0
73.60000000000001,-2.4087683705085725,0.33143125590660943,4.0
73.7,-2.374281949352971,0.3327496764194776,4.0
73.8,-2.3396490713028677,0.3340478701282828,4.0
73.9,-2.3048718726773108,0.3353258056080918,4.0
74.0,-2.2699524986977346,0.3365834523996829,4.0
74.10000000000001,-2.2348931033556045,0.3378207809884237,4.0
74.2,-2.199695849279577,0.33903776278336967,4.0
74.3,-2.1643629076020736,0.3402343700965939,4.0
74.4,-2.128896457825361,0.3414105761227555,4.0
74.5,-2.0932986876871404,0.3425663549189112,4.0
74.60000000000001,-2.0575717930255424,0.3437016813845821,4.0
74.7,-2.0217179776437257,0.34481653124207673,4.0
74.8,-1.9857394531739059,0.3459108810170815,4.0
74.9,-1.949638438940942,0.34698470801952186,4.0
75.0,-1.913417161825452,0.3480379903247018,4.0
75.10000000000001,-1.8770778561264125,0.3490707067547277,4.0
75.2,-1.8406227634233894,0.3500828368602193,4.0
75.3,-1.8040541324382107,0.35107436090231875,4.0
75.4,-1.7673742188962853,0.3520452598349964,4.0
75.5,-1.730585285387467,0.3529955152876623,4.0
75.60000000000001,-1.693689601226453,0.3539251095480884,4.0
75.7,-1.6566894423128533,0.3548340255456424,4.0
75.8,-1.619587090990748,0.3557222468348428,4.0
75.9,-1.5823848359079293,0.35658975757923417,4.0
76.0,-1.5450849718747384,0.35743654253558976,4.0
76.10000000000001,-1.5076897997224776,0.35826258703844516,4.0
76.2,-1.4702016261615214,0.35906787698496434,4.0
76.3,-1.4326227636389954,0.35985239882014475,4.0
76.4,-1.3949555301961438,0.3606161395223623,4.0
76.5,-1.3572022493253713,0.3613590865892595,4.0
76.60000000000001,-1.3193652498268627,0.36208122802398246,4.0
76.7,-1.2814468656649836,0.36278255232176515,4.0
76.80000000000001,-1.2434494358242725,0.36346304845686855,4.0
76.9,-1.2053753041651942,0.36412270586987266,4.0
77.0,-1.1672268192795259,0.3647615144553271,4.0
77.10000000000001,-1.1290063343455154,0.36537946454976156,4.0
77.2,-1.090716206982712,0.3659765469200574,4.0
77.30000000000001,-1.0523587991065257,0.36655275275218424,4.0
77.4,-1.0139364767825623,0.36710807364030157,4.0
77.5,-0.9754516100806436,0.36764250157622946,4.0
77.60000000000001,-0.9369065729286191,0.3681560289392877,4.0
77.7,-0.898303742965961,0.3686486484865067,4.0
77.80000000000001,-0.8596455013970441,0.3691203533432114,4.0
77.9,-0.8209342328443135,0.36957113699397937,4.0
78.0,-0.7821723252011554,0.3700009932739745,4.0
78.10000000000001,-0.7433621694846142,0.37040991636065784,4.0
78.2,-0.704506159687915,0.3707979007658762,4.0
78.30000000000001,-0.6656066926327571,0.37116494132833094,4.0
78.4,-0.626666167821519,0.371511033206426,4.0
78.5,-0.5876869872891883,0.3718361718714983,4.0
78.60000000000001,-0.5486715554552245,0.3721403531014302,4.0
78.7,-0.5096222789752507,0.37242357297464423,4.0
78.80000000000001,-0.4705415665925702,0.37268582786448323,4.0
78.9,-0.4314318289896179,0.37292711443397386,4.0
79.0,-0.3922954786392281,0.37314742963097614,4.0
79.10000000000001,-0.3531349296558304,0.3733467706837184,4.0
79.2,-0.3139525976465663,0.37352513509671914,4.0
79.30000000000001,-0.2747508995622262,0.3736825206470958,4.0
79.4,-0.2355322535482132,0.3738189253812604,4.0
79.5,-0.19629907879534536,0.3739343476120036,4.0
79.60000000000001,-0.15705379539063735,0.37402878591596694,4.0
79.7,-0.1177988241680491,0.3741022391315026,4.0
79.80000000000001,-0.07853658655909972,0.374154706356923,4.0
79.9,-0.039269504443555446,0.37418618694913863,4.0
80.0,-1.2246467991473533e-15,0.3741966805226849,4.0
80.10000000000001,0.039269504443557444,0.37418618694913863,4.0
80.2,0.07853658655910171,0.374154706356923,4.0
80.30000000000001,0.11779882416805554,0.3741022391315026,4.0
80.4,0.1570537953906438,0.37402878591596694,4.0
80.5,0.19629907879534292,0.3739343476120036,4.0
80.60000000000001,0.23553225354821516,0.3738189253812603,4.0
80.7,0.2747508995622282,0.3736825206470958,4.0
80.80000000000001,0.31395259764656835,0.37352513509671914,4.0
80.9,0.3531349296558324,0.3733467706837184,4.0
81.0,0.3922954786392257,0.37314742963097614,4.0
81.10000000000001,0.43143182898961985,0.37292711443397386,4.0
81.2,0.4705415665925721,0.37268582786448323,4.0
81.30000000000001,0.5096222789752527,0.3724235729746442,4.0
81.4,0.5486715554552264,0.3721403531014302,4.0
81.5,0.5876869872891859,0.37183617187149837,4.0
81.60000000000001,0.6266661678215253,0.3715110332064259,4.0
81.7,0.6656066926327635,0.3711649413283309,4.0
81.80000000000001,0.704506159687917,0.3707979007658762,4.0
81.9,0.7433621694846161,0.3704099163606578,4.0
82.0,0.7821723252011531,0.37000099327397457,4.0
82.10000000000001,0.8209342328443154,0.3695711369939793,4.0
82.2,0.8596455013970461,0.3691203533432114,4.0
82.30000000000001,0.8983037429659674,0.3686486484865066,4.0
82.4,0.9369065729286253,0.3681560289392877,4.0
82.5,0.9754516100806412,0.3676425015762295,4.0
82.60000000000001,1.0139364767825643,0.36710807364030157,4.0
82.7,1.0523587991065277,0.3665527527521842,4.0
82.80000000000001,1.090716206982714,0.3659765469200573,4.0
82.9,1.1290063343455174,0.36537946454976156,4.0
83.0,1.1672268192795237,0.3647615144553272,4.0
83.10000000000001,1.2053753041651962,0.3641227058698726,4.0
83.2,1.2434494358242745,0.3634630484568685,4.0
83.30000000000001,1.2814468656649856,0.3627825523217651,4.0
83.4,1.3193652498268647,0.3620812280239824,4.0
83.5,1.357202249325369,0.3613590865892596,4.0
83.60000000000001,1.3949555301961503,0.3606161395223622,4.0
83.7,1.432622763638993,0.35985239882014486,4.0
83.80000000000001,1.4702016261615234,0.3590678769849643,4.0
83.9,1.5076897997224794,0.35826258703844516,4.0
84.0,1.545084971874736,0.3574365425355898,4.0
84.10000000000001,1.582384835907931,0.3565897575792341,4.0
84.2,1.6195870909907453,0.3557222468348429,4.0
84.30000000000001,1.6566894423128595,0.3548340255456423,4.0
84.4,1.693689601226459,0.35392510954808826,4.0
84.5,1.7305852853874648,0.3529955152876624,4.0
84.60000000000001,1.7673742188962873,0.35204525983499635,4.0
84.7,1.8040541324382084,0.35107436090231886,4.0
84.80000000000001,1.840622763423391,0.35008283686021924,4.0
84.9,1.8770778561264143,0.3490707067547276,4.0
85.0,1.9134171618254499,0.34803799032470184,4.0
85.10000000000001,1.949638438940944,0.3469847080195218,4.0
85.2,1.9857394531739034,0.3459108810170815,4.0
85.30000000000001,2.021717977643727,0.3448165312420767,4.0
85.4,2.0575717930255437,0.34370168138458207,4.0
85.5,2.0932986876871382,0.3425663549189112,4.0
85.60000000000001,2.128896457825367,0.3414105761227553,4.0
85.7,2.1643629076020714,0.34023437009659396,4.0
85.80000000000001,2.199695849279579,0.3390377627833696,4.0
85.9,2.2348931033556068,0.3378207809884237,4.0
86.0,2.269952498697733,0.3365834523996829,4.0
86.10000000000001,2.3048718726773125,0.33532580560809166,4.0
86.2,2.3396490713028655,0.3340478701282829,4.0
86.30000000000001,2.374281949352977,0.3327496764194775,4.0
86.4,2.4087683705085783,0.3314312559066092,4.0
86.5,2.4431062074847745,0.33009264100166075,4.0
86.60000000000001,2.477293342162039,0.3287338651252082,4.0
86.7,2.511327665716862,0.32735496272816306,4.0
86.80000000000001,2.545207078751858,0.32595596931370063,4.0
86.9,2.5789294914252365,0.32453692145937085,4.0
87.0,2.6124928235797413,0.323097856839376,4.0
87.10000000000001,2.6458950048709555,0.3216388142470096,4.0
87.2,2.679133974894983,0.32015983361724726,4.0
87.30000000000001,2.7122076833155955,0.3186609560494721,4.0
87.4,2.745114089990659,0.31714222383033414,4.0
87.5,2.777851165098009,0.3156036804567237,4.0
87.60000000000001,2.8104168892606562,0.3140453706588524,4.0
87.7,2.842809253671321,0.31246734042343094,4.0
87.80000000000001,2.8750262602163956,0.3108696370169244,4.0
87.9,2.907065921599154,0.3092523090088837,4.0
88.0,2.9389262614623646,0.3076154062953307,4.0
88.10000000000001,2.970605314510193,0.30595898012219036,4.0
88.2,3.002101126629419,0.3042830831087541,4.0
88.30000000000001,3.033411755010002,0.3025877692711596,4.0
88.4,3.0645352682648843,0.30087309404587825,4.0
88.5,3.0954697465491696,0.29913911431318796,4.0
88.60000000000001,3.126213281678527,0.29738588842062463,4.0
88.7,3.156763977246888,0.2956134762063942,4.0
88.80000000000001,3.18711994874345,0.29382193902272724,4.0
88.9,3.217279323668894,0.29201133975916743,4.0
89.0,3.247240241650919,0.29018174286576986,4.0
89.10000000000001,3.2770008545589717,0.288333214376202,4.0
89.2,3.3065593266182596,0.2864658219307228,4.0
89.30000000000001,3.3359138345229997,0.28457963479902787,4.0
89.4,3.3650625675488666,0.2826747239029444,4.0
89.5,3.394003727664707,0.28075116183895443,4.0
89.60000000000001,3.4227355296434463,0.278809022900533,4.0
89.7,3.4512562011721872,0.27684838310028315,4.0
89.80000000000001,3.479563982961574,0.2748693201918447,4.0
89.9,3.5076571288542797,0.27287191369156705,4.0
90.0,3.535533905932737,0.2708562448999193,4.0
90.10000000000001,3.5631925946260274,0.2688223969226239,4.0
90.2,3.590631488815943,0.26677045469149474,4.0
90.30000000000001,3.61784889594225,0.26470050498495573,4.0
90.4,3.6448431371070593,0.2626126364482291,4.0
90.5,3.6716125471784276,0.26050693961316296,4.0
90.60000000000001,3.6981554748930496,0.25838350691768946,4.0
90.7,3.7244702829581096,0.25624243272488634,4.0
90.80000000000001,3.7505553481522984,0.2540838133416228,4.0
90.9,3.776409061425917,0.25190774703677454,4.0
91.0,3.8020298280001525,0.24971433405897975,4.0
91.10000000000001,3.8274160674654425,0.2475036766539231,4.0
91.2,3.852566213878946,0.24527587908112494,4.0
91.30000000000001,3.877478715861174,0.24303104763021013,4.0
91.4,3.9021520366916485,0.240769290636647,4.0
91.5,3.9265846544037233,0.23849071849692383,4.0
91.60000000000001,3.9507750618784545,0.23619544368315143,4.0
91.7,3.9747217669375514,0.23388358075706941,4.0
91.80000000000001,3.9984232924354544,0.2315552463834284,4.0
91.9,4.021878176350423,0.22921055934274162,4.0
92.0,4.045084971874736,0.22684964054337176,4.0
92.10000000000001,4.068042247503935,0.2244726130329428,4.0
92.2,4.090748587125116,0.2220796020090529,4.0
92.30000000000001,4.113202590104302,0.21967073482926605,4.0
92.4,4.13540287137281,0.2172461410203714,4.0
92.5,4.157348061512726,0.2148059522868782,4.0
92.60000000000001,4.179036806841352,0.21235030251873996,4.0
92.7,4.2004677694947095,0.209879327798282,4.0
92.80000000000001,4.221639627510076,0.2073931664063125,4.0
92.9,4.242551074907518,0.20489195882740588,4.0
93.0,4.263200821770462,0.20237584775433157,4.0
93.10000000000001,4.283587594325249,0.19984497809161972,4.0
93.2,4.303710135019719,0.19729949695823934,4.0
93.30000000000001,4.323567202600777,0.19473955368937565,4.0
93.4,4.343157572190956,0.1921652998372924,4.0
93.5,4.362480035363984,0.18957688917125762,4.0
93.60000000000001,4.38153340021932,0.18697447767652328,4.0
93.7,4.40031649145566,0.18435822355234394,4.0
93.80000000000001,4.418828150443469,0.1817282872090123,4.0
93.9,4.437067235296417,0.1790848312639117,4.0
94.0,4.455032620941839,0.17642802053656004,4.0
94.10000000000001,4.472723199190126,0.1737580220426409,4.0
94.2,4.490137878803077,0.17107500498700834,4.0
94.30000000000001,4.5072755855612305,0.16837914075565044,4.0
94.4,4.524135262330098,0.16567060290661179,4.0
94.5,4.540715869125406,0.16294956715985098,4.0
94.60000000000001,4.557016383177227,0.16021621138603911,4.0
94.7,4.573035798993067,0.15747071559428394,4.0
94.80000000000001,4.5887731284199065,0.15471326191877102,4.0
94.9,4.604227400705131,0.15194403460432435,4.0
95.0,4.619397662556432,0.14916321999087084,4.0
95.10000000000001,4.634282978200605,0.14637100649681334,4.0
95.2,4.648882429441257,0.14356758460130636,4.0
95.30000000000001,4.663195115715472,0.14075314682542533,4.0
95.4,4.677220154149336,0.13792788771224201,4.0
95.5,4.69095667961242,0.13509200380579098,4.0
95.60000000000001,4.704403844771129,0.13224569362893818,4.0
95.7,4.717560820140968,0.1293891576601508,4.0
95.80000000000001,4.730426794137728,0.12652259830916388,4.0
95.9,4.743000973127524,0.12364621989156124,4.0
96.0,4.755282581475767,0.12076022860226136,4.0
96.10000000000001,4.767270861595007,0.11786483248792377,4.0
96.2,4.77896507399165,0.11496024141827979,4.0
96.30000000000001,4.7903644973115975,0.11204666705639123,4.0
96.4,4.801468428384716,0.10912432282785707,4.0
96.5,4.812276182268237,0.1061934238889628,4.0
96.60000000000001,4.822787092288991,0.10325418709379881,4.0
96.7,4.833000510084537,0.10030683096035181,4.0
96.80000000000001,4.842915805643156,0.09735157563558128,4.0
96.9,4.852532367342712,0.09438864285950326,4.0
97.0,4.861849601988383,0.09141825592828706,4.0
97.10000000000001,4.870866934849247,0.08844063965639144,4.0
97.2,4.879583809693737,0.08545602033774954,4.0
97.30000000000001,4.887999688823954,0.08246462570602506,4.0
97.4,4.896114053108828,0.07946668489396226,4.0
97.5,4.903926402016151,0.0764624283918427,4.0
97.60000000000001,4.911436253643444,0.0734520880050783,4.0
97.7,4.91864314474768,0.07043589681096188,4.0
97.80000000000001,4.92554663077387,0.06741408911459072,4.0
97.9,4.932146285882478,0.06438690040400286,4.0
98.0,4.938441702975688,0.06135456730453642,4.0
98.10000000000001,4.944432493722523,0.05831732753244924,4.0
98.2,4.950118288582788,0.055275419847822194,4.0
98.30000000000001,4.955498736829875,0.05222908400677068,4.0
98.4,4.9605735065723895,0.049178560713004124,4.0
98.5,4.965342284774631,0.046124091568747624,4.0
98.60000000000001,4.969804777275899,0.04306591902507199,4.0
98.7,4.973960708808632,0.040004286331654725,4.0
98.80000000000001,4.9778098230154,0.03693943748600273,4.0
98.9,4.981351882464706,0.03387161718217742,4.0
99.0,4.9845866686656395,0.03080107075904545,4.0
99.10000000000001,4.987513982081351,0.02772804414809689,4.0
99.2,4.990133642141358,0.02465278382086404,4.0
99.30000000000001,4.99244548725269,0.021575536735967002,4.0
99.4,4.99444937480985,0.018496550285836917,4.0
99.5,4.996145181203614,0.015416072243137027,4.0
99.60000000000001,4.997532801828658,0.01233435070692809,4.0
99.7,4.998612151090002,0.009251634048612725,4.0
99.80000000000001,4.999383162408303,0.0061681708576868215,4.0
99.9,4.999845788223948,0.0030842098873504987,4.0
100.0,5.0,1.2022941835761187e-16,4.0
100.10000000000001,4.999845788223948,-0.003084209887350607,4.0
100.2,4.999383162408303,-0.006168170857686929,4.0
100.30000000000001,4.998612151090002,-0.009251634048613181,4.0
100.4,4.997532801828657,-0.012334350706928546,4.0
100.5,4.996145181203614,-0.015416072243136788,4.0
100.60000000000001,4.994449374809849,-0.018496550285837025,4.0
100.7,4.99244548725269,-0.021575536735967113,4.0
100.80000000000001,4.990133642141358,-0.02465278382086415,4.0
100.9,4.987513982081351,-0.027728044148096993,4.0
101.0,4.9845866686656395,-0.030801070759045212,4.0
101.10000000000001,4.981351882464706,-0.03387161718217752,4.0
101.2,4.9778098230154,-0.036939437486002834,4.0
101.30000000000001,4.973960708808632,-0.040004286331654836,4.0
101.4,4.969804777275899,-0.04306591902507209,4.0
101.5,4.965342284774632,-0.04612409156874739,4.0
101.60000000000001,4.960573506572389,-0.04917856071300458,4.0
101.7,4.955498736829874,-0.05222908400677113,4.0
101.80000000000001,4.950118288582787,-0.055275419847822305,4.0
101.9,4.944432493722522,-0.05831732753244935,4.0
102.0,4.938441702975689,-0.06135456730453583,4.0
102.10000000000001,4.932146285882476,-0.06438690040400331,4.0
102.2,4.92554663077387,-0.06741408911459083,4.0
102.30000000000001,4.91864314474768,-0.07043589681096198,4.0
102.4,4.911436253643443,-0.07345208800507874,4.0
102.5,4.903926402016153,-0.07646242839184213,4.0
102.60000000000001,4.896114053108827,-0.0794666848939627,4.0
102.7,4.887999688823953,-0.08246462570602515,4.0
102.80000000000001,4.879583809693736,-0.08545602033774964,4.0
102.9,4.870866934849246,-0.08844063965639187,4.0
103.0,4.861849601988384,-0.09141825592828684,4.0
103.10000000000001,4.852532367342713,-0.09438864285950303,4.0
103.2,4.842915805643155,-0.09735157563558137,4.0
103.30000000000001,4.833000510084536,-0.10030683096035192,4.0
103.4,4.822787092288989,-0.10325418709379926,4.0
103.5,4.812276182268237,-0.10619342388896257,4.0
103.60000000000001,4.801468428384715,-0.10912432282785718,4.0
103.7,4.790364497311596,-0.11204666705639166,4.0
103.80000000000001,4.77896507399165,-0.1149602414182799,4.0
103.9,4.767270861595007,-0.11786483248792355,4.0
104.0,4.755282581475768,-0.12076022860226113,4.0
104.10000000000001,4.743000973127523,-0.12364621989156135,4.0
104.2,4.730426794137726,-0.1265225983091643,4.0
104.30000000000001,4.7175608201409664,-0.12938915766015122,4.0
104.4,4.704403844771129,-0.1322456936289383,4.0
104.5,4.6909566796124205,-0.13509200380579076,4.0
104.60000000000001,4.677220154149336,-0.13792788771224213,4.0
104.7,4.663195115715469,-0.14075314682542578,4.0
104.80000000000001,4.648882429441255,-0.14356758460130678,4.0
104.9,4.634282978200605,-0.14637100649681345,4.0
105.0,4.619397662556434,-0.14916321999087062,4.0
105.10000000000001,4.60422740070513,-0.15194403460432443,4.0
105.2,4.588773128419907,-0.1547132619187708,4.0
105.30000000000001,4.5730357989930654,-0.15747071559428433,4.0
105.4,4.557016383177227,-0.1602162113860392,4.0
105.5,4.540715869125406,-0.1629495671598511,4.0
105.60000000000001,4.5241352623300966,-0.1656706029066122,4.0
105.7,4.50727558556123,-0.16837914075565052,4.0
105.80000000000001,4.490137878803079,-0.17107500498700812,4.0
105.9,4.472723199190125,-0.173758022042641,4.0
106.0,4.455032620941838,-0.17642802053656015,4.0
106.10000000000001,4.437067235296414,-0.17908483126391211,4.0
106.2,4.418828150443468,-0.18172828720901238,4.0
106.30000000000001,4.400316491455659,-0.18435822355234405,4.0
106.4,4.3815334002193165,-0.1869744776765237,4.0
106.5,4.362480035363988,-0.18957688917125712,4.0
106.60000000000001,4.343157572190953,-0.19216529983729277,4.0
106.7,4.323567202600776,-0.19473955368937573,4.0
106.80000000000001,4.303710135019718,-0.19729949695823942,4.0
106.9,4.283587594325247,-0.19984497809162008,4.0
107.0,4.263200821770463,-0.2023758477543314,4.0
107.10000000000001,4.242551074907519,-0.20489195882740566,4.0
107.2,4.221639627510076,-0.20739316640631258,4.0
107.30000000000001,4.200467769494709,-0.20987932779828208,4.0
107.4,4.179036806841349,-0.21235030251874035,4.0
107.5,4.157348061512728,-0.214805952286878,4.0
107.60000000000001,4.1354028713728095,-0.21724614102037149,4.0
107.7,4.113202590104298,-0.2196707348292664,4.0
107.80000000000001,4.090748587125115,-0.222079602009053,4.0
107.9,4.0680422475039375,-0.22447261303294264,4.0
108.0,4.045084971874738,-0.2268496405433716,4.0
108.10000000000001,4.021878176350422,-0.2292105593427417,4.0
108.2,3.9984232924354512,-0.23155524638342878,4.0
108.30000000000001,3.9747217669375474,-0.23388358075706978,4.0
108.4,3.950775061878453,-0.2361954436831515,4.0
108.5,3.9265846544037246,-0.2384907184969236,4.0
108.60000000000001,3.902152036691648,-0.2407692906366471,4.0
108.7,3.8774787158611703,-0.24303104763021052,4.0
108.80000000000001,3.852566213878943,-0.24527587908112525,4.0
108.9,3.8274160674654416,-0.24750367665392317,4.0
109.0,3.802029828000154,-0.2497143340589796,4.0
109.10000000000001,3.7764090614259165,-0.2519077470367746,4.0
109.2,3.7505553481523006,-0.25408381334162256,4.0
109.30000000000001,3.724470282958106,-0.2562424327248866,4.0
109.4,3.6981554748930483,-0.2583835069176896,4.0
109.5,3.6716125471784267,-0.26050693961316307,4.0
109.60000000000001,3.644843137107055,-0.2626126364482293,4.0
109.7,3.617848895942249,-0.2647005049849558,4.0
109.80000000000001,3.590631488815945,-0.26677045469149463,4.0
109.9,3.563192594626026,-0.26882239692262394,4.0
110.0,3.5355339059327417,-0.2708562448999189,4.0
110.10000000000001,3.5076571288542753,-0.2728719136915673,4.0
110.2,3.479563982961573,-0.27486932019184473,4.0
110.30000000000001,3.451256201172186,-0.2768483831002832,4.0
110.4,3.422735529643442,-0.2788090229005332,4.0
110.5,3.394003727664712,-0.2807511618389541,4.0
110.60000000000001,3.365062567548862,-0.2826747239029447,4.0
110.7,3.335913834522999,-0.2845796347990279,4.0
110.80000000000001,3.3065593266182587,-0.2864658219307229,4.0
110.9,3.2770008545589673,-0.28833321437620224,4.0
111.0,3.247240241650921,-0.29018174286576975,4.0
111.10000000000001,3.217279323668896,-0.29201133975916727,4.0
111.2,3.1871199487434487,-0.29382193902272735,4.0
111.30000000000001,3.1567639772468867,-0.2956134762063943,4.0
111.4,3.1262132816785226,-0.2973858884206249,4.0
111.5,3.0954697465491723,-0.29913911431318785,4.0
111.60000000000001,3.064535268264883,-0.30087309404587836,4.0
111.7,3.0334117550099977,-0.3025877692711599,4.0
111.80000000000001,3.0021011266294177,-0.3042830831087542,4.0
111.9,2.9706053145101956,-0.30595898012219025,4.0
112.0,2.938926261462367,-0.3076154062953306,4.0
112.10000000000001,2.907065921599153,-0.3092523090088837,4.0
112.2,2.875026260216391,-0.3108696370169246,4.0
112.30000000000001,2.8428092536713163,-0.31246734042343116,4.0
112.4,2.8104168892606554,-0.31404537065885246,4.0
112.5,2.7778511650980113,-0.3156036804567235,4.0
112.60000000000001,2.745114089990657,-0.3171422238303342,4.0
112.7,2.712207683315591,-0.3186609560494723,4.0
112.80000000000001,2.6791339748949783,-0.3201598336172474,4.0
112.9,2.6458950048709546,-0.3216388142470096,4.0
113.0,2.612492823579744,-0.3230978568393758,4.0
113.10000000000001,2.578929491425235,-0.3245369214593709,4.0
113.2,2.5452070787518606,-0.3259559693137005,4.0
113.30000000000001,2.5113276657168573,-0.3273549627281633,4.0
113.4,2.477293342162038,-0.32873386512520825,4.0
113.5,2.4431062074847736,-0.33009264100166075,4.0
113.60000000000001,2.4087683705085734,-0.3314312559066094,4.0
113.7,2.374281949352976,-0.3327496764194775,4.0
113.80000000000001,2.339649071302868,-0.33404787012828274,4.0
113.9,2.304871872677311,-0.3353258056080917,4.0
114.0,2.2699524986977315,-0.33658345239968296,4.0
114.10000000000001,2.2348931033556014,-0.3378207809884239,4.0
114.2,2.1996958492795775,-0.33903776278336967,4.0
114.30000000000001,2.1643629076020696,-0.340234370096594,4.0
114.4,2.1288964578253617,-0.3414105761227555,4.0
114.5,2.0932986876871453,-0.342566354918911,4.0
114.60000000000001,2.0575717930255384,-0.34370168138458224,4.0
114.7,2.021717977643726,-0.34481653124207673,4.0
114.80000000000001,1.9857394531739023,-0.34591088101708156,4.0
114.9,1.949638438940939,-0.34698470801952197,4.0
115.0,1.9134171618254525,-0.3480379903247018,4.0
115.10000000000001,1.8770778561264172,-0.3490707067547275,4.0
115.2,1.8406227634233898,-0.3500828368602193,4.0
115.30000000000001,1.804054132438207,-0.35107436090231886,4.0
115.4,1.7673742188962818,-0.35204525983499646,4.0
115.5,1.7305852853874675,-0.3529955152876623,4.0
115.60000000000001,1.6936896012264577,-0.3539251095480883,4.0
115.7,1.656689442312854,-0.3548340255456424,4.0
115.80000000000001,1.6195870909907442,-0.35572224683484294,4.0
115.9,1.582384835907934,-0.35658975757923406,4.0
116.0,1.545084971874739,-0.35743654253558976,4.0
116.10000000000001,1.507689799722478,-0.35826258703844516,4.0
116.2,1.4702016261615178,-0.3590678769849644,4.0
116.30000000000001,1.4326227636389874,-0.35985239882014497,4.0
116.4,1.394955530196149,-0.36061613952236227,4.0
116.5,1.357202249325372,-0.3613590865892595,4.0
116.60000000000001,1.319365249826863,-0.36208122802398246,4.0
116.7,1.28144686566498,-0.3627825523217652,4.0
116.80000000000001,1.243449435824269,-0.36346304845686866,4.0
116.9,1.2053753041651947,-0.3641227058698726,4.0
117.0,1.1672268192795268,-0.3647615144553271,4.0
117.10000000000001,1.1290063343455161,-0.36537946454976156,4.0
117.2,1.0907162069827172,-0.3659765469200573,4.0
117.30000000000001,1.052358799106522,-0.36655275275218424,4.0
117.4,1.013936476782563,-0.36710807364030157,4.0
117.5,0.9754516100806399,-0.3676425015762296,4.0
117.60000000000001,0.9369065729286197,-0.3681560289392877,4.0
117.7,0.8983037429659659,-0.3686486484865066,4.0
117.80000000000001,0.859645501397049,-0.36912035334321136,4.0
117.9,0.8209342328443141,-0.36957113699397937,4.0
118.0,0.7821723252011604,-0.37000099327397445,4.0
118.10000000000001,0.7433621694846104,-0.3704099163606579,4.0
118.2,0.7045061596879155,-0.3707979007658762,4.0
118.30000000000001,0.6656066926327621,-0.3711649413283309,4.0
118.4,0.6266661678215195,-0.371511033206426,4.0
118.5,0.5876869872891933,-0.3718361718714983,4.0
118.60000000000001,0.5486715554552206,-0.37214035310143023,4.0
118.7,0.5096222789752514,-0.37242357297464423,4.0
118.80000000000001,0.47054156659257074,-0.37268582786448323,4.0
118.9,0.4314318289896141,-0.3729271144339739,4.0
119.0,0.39229547863922876,-0.37314742963097614,4.0
119.10000000000001,0.3531349296558355,-0.37334677068371835,4.0
119.2,0.3139525976465669,-0.37352513509671914,4.0
119.30000000000001,0.27475089956222676,-0.3736825206470958,4.0
119.4,0.23553225354820936,-0.3738189253812604,4.0
119.5,0.196299078795346,-0.3739343476120036,4.0
119.60000000000001,0.1570537953906424,-0.37402878591596694,4.0
119.7,0.11779882416804971,-0.3741022391315026,4.0
119.80000000000001,0.07853658655910033,-0.374154706356923,4.0
119.9,0.039269504443560505,-0.37418618694913863,4.0
120.0,1.8369701987210296e-15,-0.3741966805226849,4.0
